geoid,name,median,median_annotation,median_moe,median_moe_annotation,metropolitan statistical area/micropolitan statistical area
32020,"Marion, OH Micro Area",45464.0,,2223.0,,32020
19260,"Danville, VA Micro Area",41091.0,,1186.0,,19260
23300,"Freeport, IL Micro Area",48016.0,,1535.0,,23300
36100,"Ocala, FL Metro Area",43361.0,,929.0,,36100
45860,"Torrington, CT Micro Area",78314.0,,1991.0,,45860
42780,"Selinsgrove, PA Micro Area",57638.0,,2133.0,,42780
44860,"Sulphur Springs, TX Micro Area",51877.0,,2465.0,,44860
18740,"Coshocton, OH Micro Area",44491.0,,1998.0,,18740
29260,"La Grande, OR Micro Area",48617.0,,3393.0,,29260
44260,"Starkville, MS Micro Area",38800.0,,3306.0,,44260
26260,"Hope, AR Micro Area",40314.0,,3424.0,,26260
43980,"Spencer, IA Micro Area",47874.0,,4268.0,,43980
45820,"Topeka, KS Metro Area",56125.0,,1123.0,,45820
31300,"Lumberton, NC Micro Area",33679.0,,951.0,,31300
46780,"Van Wert, OH Micro Area",52754.0,,1607.0,,46780
29100,"La Crosse-Onalaska, WI-MN Metro Area",56098.0,,1204.0,,29100
35980,"Norwich-New London, CT Metro Area",71368.0,,1434.0,,35980
38580,"Point Pleasant, WV-OH Micro Area",41432.0,,2666.0,,38580
20220,"Dubuque, IA Metro Area",61321.0,,1092.0,,20220
25700,"Hays, KS Micro Area",52700.0,,4242.0,,25700
45500,"Texarkana, TX-AR Metro Area",45185.0,,1545.0,,45500
31930,"Marietta, OH Micro Area",48572.0,,2183.0,,31930
48220,"Weatherford, OK Micro Area",48884.0,,2251.0,,48220
12140,"Auburn, IN Micro Area",53808.0,,2076.0,,12140
17640,"Coco, PR Micro Area",16887.0,,1447.0,,17640
48620,"Wichita, KS Metro Area",55818.0,,732.0,,48620
25540,"Hartford-West Hartford-East Hartford, CT Metro Area",75752.0,,792.0,,25540
46300,"Twin Falls, ID Metro Area",50441.0,,1509.0,,46300
24780,"Greenville, NC Metro Area",44315.0,,1147.0,,24780
45300,"Tampa-St. Petersburg-Clearwater, FL Metro Area",52882.0,,303.0,,45300
17380,"Cleveland, MS Micro Area",29912.0,,1918.0,,17380
24300,"Grand Junction, CO Metro Area",53683.0,,1202.0,,24300
37140,"Paducah, KY-IL Micro Area",44489.0,,1732.0,,37140
39140,"Prescott, AZ Metro Area",50180.0,,1188.0,,39140
12940,"Baton Rouge, LA Metro Area",56913.0,,1091.0,,12940
27860,"Jonesboro, AR Metro Area",44302.0,,1158.0,,27860
39380,"Pueblo, CO Metro Area",44634.0,,1315.0,,39380
44980,"Sunbury, PA Micro Area",47063.0,,1630.0,,44980
47240,"Vineyard Haven, MA Micro Area",71224.0,,12123.0,,47240
15900,"Canton, IL Micro Area",50180.0,,2198.0,,15900
20700,"East Stroudsburg, PA Metro Area",63931.0,,1854.0,,20700
25980,"Hinesville, GA Metro Area",47657.0,,1931.0,,25980
21580,"Espa�ola, NM Micro Area",,,,,21580
39740,"Reading, PA Metro Area",61522.0,,826.0,,39740
43140,"Shelby, NC Micro Area",40393.0,,1428.0,,43140
26540,"Huntington, IN Micro Area",52208.0,,1838.0,,26540
25060,"Gulfport-Biloxi-Pascagoula, MS Metro Area",47729.0,,1069.0,,25060
19580,"Defiance, OH Micro Area",57665.0,,1949.0,,19580
37080,"Oxford, NC Micro Area",55628.0,,2587.0,,37080
47980,"Watertown, SD Micro Area",54774.0,,4288.0,,47980
42540,"Scranton--Wilkes-Barre--Hazleton, PA Metro Area",51670.0,,698.0,,42540
30940,"London, KY Micro Area",35604.0,,1447.0,,30940
32940,"Meridian, MS Micro Area",39867.0,,1761.0,,32940
45000,"Susanville, CA Micro Area",56362.0,,1943.0,,45000
11940,"Athens, TN Micro Area",41398.0,,2661.0,,11940
44580,"Sterling, IL Micro Area",53828.0,,2296.0,,44580
14580,"Bozeman, MT Micro Area",61499.0,,1915.0,,14580
28020,"Kalamazoo-Portage, MI Metro Area",53946.0,,941.0,,28020
11260,"Anchorage, AK Metro Area",81745.0,,1499.0,,11260
28780,"Kingsville, TX Micro Area",41778.0,,3553.0,,28780
24900,"Greenwood, MS Micro Area",30132.0,,2208.0,,24900
37500,"Paragould, AR Micro Area",47497.0,,2882.0,,37500
46380,"Ukiah, CA Micro Area",49233.0,,2356.0,,46380
47620,"Warren, PA Micro Area",48409.0,,1276.0,,47620
16420,"Central City, KY Micro Area",43110.0,,2396.0,,16420
32180,"Marshall, MO Micro Area",43201.0,,2304.0,,32180
49780,"Zanesville, OH Micro Area",45276.0,,1771.0,,49780
26780,"Hutchinson, MN Micro Area",61275.0,,2251.0,,26780
36300,"Ogdensburg-Massena, NY Micro Area",49305.0,,1513.0,,36300
40780,"Russellville, AR Micro Area",42051.0,,1706.0,,40780
10420,"Akron, OH Metro Area",55718.0,,721.0,,10420
21700,"Eureka-Arcata-Fortuna, CA Micro Area",45528.0,,1359.0,,21700
13540,"Bennington, VT Micro Area",53040.0,,2307.0,,13540
34980,"Nashville-Davidson--Murfreesboro--Franklin, TN Metro Area",62718.0,,456.0,,34980
46020,"Truckee-Grass Valley, CA Micro Area",63240.0,,1916.0,,46020
18300,"Coos Bay, OR Micro Area",43308.0,,1940.0,,18300
27020,"Iron Mountain, MI-WI Micro Area",48984.0,,1846.0,,27020
20940,"El Centro, CA Metro Area",45834.0,,1861.0,,20940
37740,"Payson, AZ Micro Area",42092.0,,1810.0,,37740
23660,"Galesburg, IL Micro Area",43709.0,,1897.0,,23660
26380,"Houma-Thibodaux, LA Metro Area",50957.0,,1388.0,,26380
34460,"Mount Sterling, KY Micro Area",41289.0,,2059.0,,34460
20180,"DuBois, PA Micro Area",47270.0,,1523.0,,20180
26460,"Hudson, NY Micro Area",63032.0,,2254.0,,26460
34060,"Morgantown, WV Metro Area",49471.0,,1429.0,,34060
45660,"Tiffin, OH Micro Area",49936.0,,2160.0,,45660
27780,"Johnstown, PA Metro Area",45901.0,,1074.0,,27780
24700,"Greensburg, IN Micro Area",54622.0,,1928.0,,24700
40260,"Roanoke Rapids, NC Micro Area",34654.0,,1282.0,,40260
47780,"Washington, IN Micro Area",51032.0,,2118.0,,47780
22420,"Flint, MI Metro Area",47006.0,,731.0,,22420
25100,"Guymon, OK Micro Area",50450.0,,4014.0,,25100
16620,"Charleston, WV Metro Area",44096.0,,1202.0,,16620
21640,"Eufaula, AL-GA Micro Area",33888.0,,2325.0,,21640
30420,"Lexington, NE Micro Area",54909.0,,2982.0,,30420
31080,"Los Angeles-Long Beach-Anaheim, CA Metro Area",69138.0,,272.0,,31080
15820,"Campbellsville, KY Micro Area",39055.0,,2615.0,,15820
27140,"Jackson, MS Metro Area",52057.0,,869.0,,27140
31940,"Marinette, WI-MI Micro Area",46728.0,,1224.0,,31940
41100,"St. George, UT Metro Area",56877.0,,1511.0,,41100
13900,"Bismarck, ND Metro Area",68474.0,,1816.0,,13900
22500,"Florence, SC Metro Area",41851.0,,883.0,,22500
30580,"Liberal, KS Micro Area",47025.0,,3239.0,,30580
31260,"Lufkin, TX Micro Area",47714.0,,1985.0,,31260
37540,"Paris, TN Micro Area",40837.0,,1768.0,,37540
45620,"Thomasville, GA Micro Area",40112.0,,2153.0,,45620
13340,"Bellefontaine, OH Micro Area",55150.0,,1796.0,,13340
28540,"Ketchikan, AK Micro Area",70356.0,,3342.0,,28540
37420,"Pampa, TX Micro Area",47170.0,,4894.0,,37420
17820,"Colorado Springs, CO Metro Area",65335.0,,754.0,,17820
16860,"Chattanooga, TN-GA Metro Area",51473.0,,753.0,,16860
27220,"Jackson, WY-ID Micro Area",78452.0,,4369.0,,27220
37340,"Palm Bay-Melbourne-Titusville, FL Metro Area",54359.0,,842.0,,37340
29820,"Las Vegas-Henderson-Paradise, NV Metro Area",56802.0,,452.0,,29820
38060,"Phoenix-Mesa-Scottsdale, AZ Metro Area",60996.0,,294.0,,38060
47460,"Walla Walla, WA Metro Area",56163.0,,3271.0,,47460
10760,"Alexander City, AL Micro Area",43361.0,,3489.0,,10760
42660,"Seattle-Tacoma-Bellevue, WA Metro Area",82189.0,,453.0,,42660
11860,"Atchison, KS Micro Area",48667.0,,3855.0,,11860
19620,"Del Rio, TX Micro Area",45521.0,,2689.0,,19620
42220,"Santa Rosa, CA Metro Area",76753.0,,1039.0,,42220
10740,"Albuquerque, NM Metro Area",51998.0,,662.0,,10740
19760,"DeRidder, LA Micro Area",50738.0,,3694.0,,19760
19940,"Dixon, IL Micro Area",57901.0,,2678.0,,19940
23860,"Georgetown, SC Micro Area",48071.0,,2850.0,,23860
33540,"Missoula, MT Metro Area",51270.0,,1971.0,,33540
35580,"New Ulm, MN Micro Area",57728.0,,3041.0,,35580
38500,"Plymouth, IN Micro Area",54229.0,,1733.0,,38500
49100,"Winona, MN Micro Area",55529.0,,2364.0,,49100
30880,"Logan, WV Micro Area",38123.0,,3369.0,,30880
26860,"Indiana, PA Micro Area",46877.0,,1462.0,,26860
47940,"Waterloo-Cedar Falls, IA Metro Area",55442.0,,1308.0,,47940
15500,"Burlington, NC Metro Area",45735.0,,1314.0,,15500
17200,"Claremont-Lebanon, NH-VT Micro Area",60607.0,,1371.0,,17200
33780,"Monroe, MI Metro Area",61514.0,,1239.0,,33780
17620,"Coamo, PR Micro Area",19833.0,,2057.0,,17620
24860,"Greenville-Anderson-Mauldin, SC Metro Area",52047.0,,580.0,,24860
47380,"Waco, TX Metro Area",47438.0,,1234.0,,47380
46900,"Vernon, TX Micro Area",48773.0,,6797.0,,46900
16500,"Centralia, WA Micro Area",50216.0,,2241.0,,16500
27920,"Junction City, KS Micro Area",49185.0,,2156.0,,27920
40340,"Rochester, MN Metro Area",71501.0,,1173.0,,40340
21120,"Elk City, OK Micro Area",48725.0,,5363.0,,21120
11980,"Athens, TX Micro Area",45798.0,,1788.0,,11980
44620,"Stevens Point, WI Micro Area",57368.0,,1929.0,,44620
15260,"Brunswick, GA Metro Area",48240.0,,1548.0,,15260
13060,"Bay City, TX Micro Area",45500.0,,3150.0,,13060
21980,"Fallon, NV Micro Area",51514.0,,4276.0,,21980
23780,"Garden City, KS Micro Area",55673.0,,2819.0,,23780
48140,"Wausau, WI Metro Area",59543.0,,1425.0,,48140
11500,"Anniston-Oxford-Jacksonville, AL Metro Area",45197.0,,1578.0,,11500
14100,"Bloomsburg-Berwick, PA Metro Area",50947.0,,1685.0,,14100
36540,"Omaha-Council Bluffs, NE-IA Metro Area",65227.0,,611.0,,36540
12540,"Bakersfield, CA Metro Area",52479.0,,729.0,,12540
13980,"Blacksburg-Christiansburg-Radford, VA Metro Area",52189.0,,1154.0,,13980
27940,"Juneau, AK Micro Area",88213.0,,3956.0,,27940
20580,"Eagle Pass, TX Micro Area",38035.0,,2789.0,,20580
23060,"Fort Wayne, IN Metro Area",54158.0,,657.0,,23060
18980,"Cullman, AL Micro Area",42558.0,,1523.0,,18980
10700,"Albertville, AL Micro Area",42490.0,,1703.0,,10700
37260,"Palatka, FL Micro Area",35649.0,,1475.0,,37260
23240,"Fredericksburg, TX Micro Area",58325.0,,4646.0,,23240
17420,"Cleveland, TN Metro Area",47046.0,,1653.0,,17420
17700,"Coffeyville, KS Micro Area",45173.0,,2772.0,,17700
46540,"Utica-Rome, NY Metro Area",53401.0,,725.0,,46540
16660,"Charleston-Mattoon, IL Micro Area",45697.0,,2927.0,,16660
36900,"Ottumwa, IA Micro Area",47715.0,,2128.0,,36900
38220,"Pine Bluff, AR Metro Area",39362.0,,1818.0,,38220
18500,"Corning, NY Micro Area",51789.0,,1417.0,,18500
38260,"Pittsburg, KS Micro Area",40174.0,,1415.0,,38260
39940,"Rexburg, ID Micro Area",41396.0,,2758.0,,39940
11380,"Andrews, TX Micro Area",74233.0,,4834.0,,11380
17220,"Clarksburg, WV Micro Area",49467.0,,1817.0,,17220
23820,"Gardnerville Ranchos, NV Micro Area",62503.0,,1960.0,,23820
23940,"Gillette, WY Micro Area",79916.0,,4196.0,,23940
25420,"Harrisburg-Carlisle, PA Metro Area",63381.0,,800.0,,25420
28860,"Kirksville, MO Micro Area",39984.0,,2060.0,,28860
18660,"Cortland, NY Micro Area",54489.0,,1872.0,,18660
40860,"Rutland, VT Micro Area",54973.0,,1754.0,,40860
19540,"Decatur, IN Micro Area",51713.0,,3626.0,,19540
27300,"Jacksonville, IL Micro Area",49117.0,,2584.0,,27300
24820,"Greenville, OH Micro Area",52691.0,,1888.0,,24820
20660,"Easton, MD Micro Area",67204.0,,5374.0,,20660
22580,"Forest City, NC Micro Area",40347.0,,2043.0,,22580
36700,"Orangeburg, SC Micro Area",36188.0,,1604.0,,36700
13220,"Beckley, WV Metro Area",41471.0,,1440.0,,13220
17740,"Coldwater, MI Micro Area",50536.0,,1543.0,,17740
22860,"Fort Polk South, LA Micro Area",47772.0,,1438.0,,22860
28620,"Kill Devil Hills, NC Micro Area",56123.0,,2722.0,,28620
15740,"Cambridge, OH Micro Area",43975.0,,2042.0,,15740
26980,"Iowa City, IA Metro Area",61657.0,,1370.0,,26980
26960,"Ionia, MI Micro Area",54343.0,,2112.0,,26960
37220,"Pahrump, NV Micro Area",45711.0,,3237.0,,37220
47420,"Wahpeton, ND-MN Micro Area",59532.0,,3048.0,,47420
27460,"Jamestown-Dunkirk-Fredonia, NY Micro Area",45332.0,,1182.0,,27460
32740,"Meadville, PA Micro Area",49144.0,,1173.0,,32740
44220,"Springfield, OH Metro Area",48502.0,,1315.0,,44220
25200,"Hailey, ID Micro Area",51207.0,,2577.0,,25200
31380,"Macomb, IL Micro Area",43724.0,,3039.0,,31380
32860,"Menomonie, WI Micro Area",56268.0,,2577.0,,32860
23540,"Gainesville, FL Metro Area",48648.0,,1258.0,,23540
30660,"Lincoln, IL Micro Area",57899.0,,2733.0,,30660
36820,"Oskaloosa, IA Micro Area",52950.0,,1915.0,,36820
37780,"Pecos, TX Micro Area",58384.0,,6808.0,,37780
42680,"Sebastian-Vero Beach, FL Metro Area",52336.0,,1202.0,,42680
42860,"Seneca, SC Micro Area",46056.0,,1633.0,,42860
46820,"Vermillion, SD Micro Area",43189.0,,3636.0,,46820
15580,"Butte-Silver Bow, MT Micro Area",42237.0,,2458.0,,15580
33940,"Montrose, CO Micro Area",48739.0,,2573.0,,33940
34540,"Mount Vernon, OH Micro Area",55131.0,,1985.0,,34540
42300,"Sault Ste. Marie, MI Micro Area",44483.0,,2030.0,,42300
18900,"Crossville, TN Micro Area",43893.0,,1465.0,,18900
31420,"Macon-Bibb County, GA Metro Area",42531.0,,1142.0,,31420
30260,"Lewisburg, PA Micro Area",56026.0,,2766.0,,30260
14460,"Boston-Cambridge-Newton, MA-NH Metro Area",85508.0,,612.0,,14460
10900,"Allentown-Bethlehem-Easton, PA-NJ Metro Area",64877.0,,689.0,,10900
28060,"Kalispell, MT Micro Area",52966.0,,2038.0,,28060
26340,"Houghton, MI Micro Area",43648.0,,2052.0,,26340
26940,"Indianola, MS Micro Area",30029.0,,2823.0,,26940
10460,"Alamogordo, NM Micro Area",42752.0,,2422.0,,10460
13780,"Binghamton, NY Metro Area",52779.0,,1026.0,,13780
38840,"Port Clinton, OH Micro Area",57918.0,,2484.0,,38840
14740,"Bremerton-Silverdale, WA Metro Area",71610.0,,1435.0,,14740
46140,"Tulsa, OK Metro Area",54110.0,,375.0,,46140
18260,"Cookeville, TN Micro Area",39453.0,,1615.0,,18260
27980,"Kahului-Wailuku-Lahaina, HI Metro Area",77097.0,,2267.0,,27980
31980,"Marion, IN Micro Area",42593.0,,1787.0,,31980
35820,"North Platte, NE Micro Area",56658.0,,3011.0,,35820
38780,"Portales, NM Micro Area",40775.0,,5000.0,,38780
41660,"San Angelo, TX Metro Area",51738.0,,2268.0,,41660
43660,"Snyder, TX Micro Area",55889.0,,5767.0,,43660
15100,"Brookings, SD Micro Area",56370.0,,2989.0,,15100
40580,"Rocky Mount, NC Metro Area",43989.0,,1131.0,,40580
45460,"Terre Haute, IN Metro Area",46067.0,,1116.0,,45460
26300,"Hot Springs, AR Metro Area",43146.0,,1686.0,,26300
28420,"Kennewick-Richland, WA Metro Area",64396.0,,1353.0,,28420
35740,"Norfolk, NE Micro Area",54545.0,,1841.0,,35740
36220,"Odessa, TX Metro Area",60676.0,,1959.0,,36220
29940,"Lawrence, KS Metro Area",55832.0,,2064.0,,29940
39500,"Quincy, IL-MO Micro Area",50868.0,,1390.0,,39500
48300,"Wenatchee, WA Metro Area",57391.0,,2251.0,,48300
12060,"Atlanta-Sandy Springs-Roswell, GA Metro Area",64766.0,,296.0,,12060
42980,"Seymour, IN Micro Area",49506.0,,3494.0,,42980
12100,"Atlantic City-Hammonton, NJ Metro Area",59989.0,,1631.0,,12100
18180,"Concord, NH Micro Area",72478.0,,1697.0,,18180
18820,"Crawfordsville, IN Micro Area",53610.0,,2718.0,,18820
34860,"Nacogdoches, TX Micro Area",43598.0,,2009.0,,34860
12900,"Batesville, AR Micro Area",43523.0,,2344.0,,12900
26140,"Homosassa Springs, FL Metro Area",41424.0,,1281.0,,26140
28380,"Kennett, MO Micro Area",34186.0,,1772.0,,28380
31020,"Longview, WA Metro Area",51752.0,,1326.0,,31020
35020,"Natchez, MS-LA Micro Area",29678.0,,2047.0,,35020
19380,"Dayton, OH Metro Area",53393.0,,593.0,,19380
36830,"Othello, WA Micro Area",49142.0,,5961.0,,36830
40740,"Roswell, NM Micro Area",43197.0,,1797.0,,40740
48780,"Williston, ND Micro Area",86575.0,,8091.0,,48780
12420,"Austin-Round Rock, TX Metro Area",73213.0,,538.0,,12420
16540,"Chambersburg-Waynesboro, PA Metro Area",59713.0,,1974.0,,16540
20140,"Dublin, GA Micro Area",37706.0,,1604.0,,20140
23420,"Fresno, CA Metro Area",51261.0,,808.0,,23420
25020,"Guayama, PR Metro Area",16337.0,,994.0,,25020
34820,"Myrtle Beach-Conway-North Myrtle Beach, SC-NC Metro Area",49816.0,,693.0,,34820
12260,"Augusta-Richmond County, GA-SC Metro Area",51104.0,,917.0,,12260
49700,"Yuba City, CA Metro Area",55329.0,,1598.0,,49700
22220,"Fayetteville-Springdale-Rogers, AR-MO Metro Area",55121.0,,836.0,,22220
16940,"Cheyenne, WY Metro Area",64220.0,,1924.0,,16940
36580,"Oneonta, NY Micro Area",53121.0,,1287.0,,36580
45020,"Sweetwater, TX Micro Area",44346.0,,4193.0,,45020
26020,"Hobbs, NM Micro Area",59797.0,,2304.0,,26020
40100,"Rio Grande City, TX Micro Area",29294.0,,2918.0,,40100
22700,"Fort Dodge, IA Micro Area",44261.0,,2199.0,,22700
19000,"Cullowhee, NC Micro Area",44028.0,,2589.0,,19000
19460,"Decatur, AL Metro Area",48330.0,,1585.0,,19460
17980,"Columbus, GA-AL Metro Area",46695.0,,977.0,,17980
10500,"Albany, GA Metro Area",42861.0,,1233.0,,10500
20500,"Durham-Chapel Hill, NC Metro Area",60113.0,,1045.0,,20500
24220,"Grand Forks, ND-MN Metro Area",53413.0,,1418.0,,24220
34340,"Mount Airy, NC Micro Area",41068.0,,1401.0,,34340
35380,"New Orleans-Metairie, LA Metro Area",51449.0,,558.0,,35380
12860,"Batavia, NY Micro Area",59338.0,,2493.0,,12860
24980,"Grenada, MS Micro Area",36877.0,,3654.0,,24980
12700,"Barnstable Town, MA Metro Area",70621.0,,1245.0,,12700
14540,"Bowling Green, KY Metro Area",49068.0,,1586.0,,14540
35440,"Newport, OR Micro Area",46061.0,,1891.0,,35440
42340,"Savannah, GA Metro Area",57470.0,,1252.0,,42340
21840,"Fairfield, IA Micro Area",43378.0,,3950.0,,21840
23620,"Gainesville, TX Micro Area",57646.0,,4167.0,,23620
49180,"Winston-Salem, NC Metro Area",48936.0,,860.0,,49180
23460,"Gadsden, AL Metro Area",44023.0,,1776.0,,23460
35100,"New Bern, NC Metro Area",49323.0,,1516.0,,35100
38860,"Portland-South Portland, ME Metro Area",67596.0,,818.0,,38860
39900,"Reno, NV Metro Area",61180.0,,884.0,,39900
43780,"South Bend-Mishawaka, IN-MI Metro Area",51549.0,,862.0,,43780
36660,"Opelousas, LA Micro Area",33288.0,,2619.0,,36660
32280,"Martin, TN Micro Area",38566.0,,1757.0,,32280
19180,"Danville, IL Metro Area",45384.0,,1686.0,,19180
19220,"Danville, KY Micro Area",41466.0,,1444.0,,19220
27540,"Jasper, IN Micro Area",56489.0,,2544.0,,27540
26820,"Idaho Falls, ID Metro Area",57126.0,,1357.0,,26820
32000,"Marion, NC Micro Area",40913.0,,1929.0,,32000
40660,"Rome, GA Metro Area",46367.0,,1732.0,,40660
29060,"Laconia, NH Micro Area",68368.0,,3130.0,,29060
40420,"Rockford, IL Metro Area",54058.0,,761.0,,40420
21300,"Elmira, NY Metro Area",53299.0,,1328.0,,21300
44780,"Sturgis, MI Micro Area",50117.0,,1027.0,,44780
18060,"Columbus, MS Micro Area",45355.0,,3489.0,,18060
39980,"Richmond, IN Micro Area",44228.0,,1545.0,,39980
46980,"Vicksburg, MS Micro Area",40786.0,,2068.0,,46980
11680,"Arkansas City-Winfield, KS Micro Area",48087.0,,1792.0,,11680
11100,"Amarillo, TX Metro Area",54912.0,,1082.0,,11100
29200,"Lafayette-West Lafayette, IN Metro Area",52034.0,,1311.0,,29200
33740,"Monroe, LA Metro Area",41456.0,,1137.0,,33740
36020,"Oak Harbor, WA Micro Area",64809.0,,1871.0,,36020
37300,"Palestine, TX Micro Area",43355.0,,2033.0,,37300
16060,"Carbondale-Marion, IL Metro Area",43587.0,,1219.0,,16060
34660,"Murray, KY Micro Area",40219.0,,2017.0,,34660
42740,"Sedalia, MO Micro Area",44382.0,,2231.0,,42740
14420,"Borger, TX Micro Area",50651.0,,3341.0,,14420
16460,"Centralia, IL Micro Area",46102.0,,1606.0,,16460
17900,"Columbia, SC Metro Area",54491.0,,697.0,,17900
43940,"Spearfish, SD Micro Area",52245.0,,3466.0,,43940
30460,"Lexington-Fayette, KY Metro Area",56385.0,,1178.0,,30460
36140,"Ocean City, NJ Metro Area",63690.0,,1641.0,,36140
12580,"Baltimore-Columbia-Towson, MD Metro Area",78686.0,,587.0,,12580
38540,"Pocatello, ID Metro Area",49739.0,,1696.0,,38540
44500,"Stephenville, TX Micro Area",48819.0,,2400.0,,44500
16340,"Cedartown, GA Micro Area",43491.0,,2813.0,,16340
33260,"Midland, TX Metro Area",78581.0,,3476.0,,33260
43760,"Sonora, CA Micro Area",56493.0,,3992.0,,43760
45980,"Troy, AL Micro Area",34678.0,,3262.0,,45980
15680,"California-Lexington Park, MD Metro Area",90438.0,,3303.0,,15680
21660,"Eugene, OR Metro Area",49958.0,,934.0,,21660
26700,"Huron, SD Micro Area",51700.0,,3767.0,,26700
32420,"Mayag�ez, PR Metro Area",14979.0,,736.0,,32420
32820,"Memphis, TN-MS-AR Metro Area",51360.0,,567.0,,32820
19860,"Dickinson, ND Micro Area",75708.0,,4591.0,,19860
36460,"Olean, NY Micro Area",47240.0,,1386.0,,36460
43380,"Sidney, OH Micro Area",61042.0,,2368.0,,43380
27600,"Jefferson, GA Micro Area",62495.0,,1852.0,,27600
37800,"Pella, IA Micro Area",58492.0,,2948.0,,37800
14720,"Breckenridge, CO Micro Area",77589.0,,4772.0,,14720
27100,"Jackson, MI Metro Area",51431.0,,1295.0,,27100
39780,"Red Bluff, CA Micro Area",42899.0,,2347.0,,39780
19980,"Dodge City, KS Micro Area",53072.0,,2421.0,,19980
44740,"Storm Lake, IA Micro Area",54556.0,,2888.0,,44740
31180,"Lubbock, TX Metro Area",49998.0,,1066.0,,31180
24540,"Greeley, CO Metro Area",70908.0,,1339.0,,24540
30280,"Lewisburg, TN Micro Area",49370.0,,3134.0,,30280
41860,"San Francisco-Oakland-Hayward, CA Metro Area",99592.0,,709.0,,41860
44940,"Sumter, SC Metro Area",43792.0,,1589.0,,44940
27660,"Jennings, LA Micro Area",39653.0,,2929.0,,27660
43740,"Somerset, PA Micro Area",48224.0,,1132.0,,43740
36620,"Ontario, OR-ID Micro Area",46468.0,,1933.0,,36620
28900,"Klamath Falls, OR Micro Area",43522.0,,2272.0,,28900
34140,"Moscow, ID Micro Area",45466.0,,2349.0,,34140
39020,"Portsmouth, OH Micro Area",39731.0,,1594.0,,39020
41740,"San Diego-Carlsbad, CA Metro Area",74855.0,,578.0,,41740
49020,"Winchester, VA-WV Metro Area",62967.0,,1536.0,,49020
18420,"Corinth, MS Micro Area",40180.0,,2264.0,,18420
30980,"Longview, TX Metro Area",49958.0,,1460.0,,30980
45340,"Taos, NM Micro Area",36758.0,,2641.0,,45340
17260,"Clarksdale, MS Micro Area",30009.0,,3835.0,,17260
17580,"Clovis, NM Micro Area",46182.0,,2612.0,,17580
16740,"Charlotte-Concord-Gastonia, NC-SC Metro Area",60822.0,,480.0,,16740
32140,"Marshall, MN Micro Area",55525.0,,1986.0,,32140
19700,"Deming, NM Micro Area",27377.0,,1797.0,,19700
36840,"Ottawa, KS Micro Area",55486.0,,2842.0,,36840
38620,"Ponca City, OK Micro Area",45426.0,,1758.0,,38620
20900,"El Campo, TX Micro Area",49619.0,,2779.0,,20900
39860,"Red Wing, MN Micro Area",64765.0,,2211.0,,39860
28260,"Kearney, NE Micro Area",56952.0,,2867.0,,28260
11220,"Amsterdam, NY Micro Area",45837.0,,2770.0,,11220
31860,"Mankato-North Mankato, MN Metro Area",58691.0,,1705.0,,31860
40380,"Rochester, NY Metro Area",57417.0,,545.0,,40380
17300,"Clarksville, TN-KY Metro Area",51933.0,,1340.0,,17300
22280,"Fernley, NV Micro Area",55493.0,,3149.0,,22280
17340,"Clearlake, CA Micro Area",42475.0,,2511.0,,17340
43100,"Sheboygan, WI Metro Area",58943.0,,1596.0,,43100
44540,"Sterling, CO Micro Area",48922.0,,4300.0,,44540
45220,"Tallahassee, FL Metro Area",50401.0,,883.0,,45220
21820,"Fairbanks, AK Metro Area",77095.0,,2705.0,,21820
31660,"Malone, NY Micro Area",51696.0,,2339.0,,31660
40060,"Richmond, VA Metro Area",66258.0,,751.0,,40060
14220,"Bogalusa, LA Micro Area",34985.0,,2963.0,,14220
18220,"Connersville, IN Micro Area",43317.0,,2254.0,,18220
35140,"Newberry, SC Micro Area",42765.0,,2131.0,,35140
18580,"Corpus Christi, TX Metro Area",54499.0,,1028.0,,18580
43900,"Spartanburg, SC Metro Area",48949.0,,1037.0,,43900
44100,"Springfield, IL Metro Area",60961.0,,1291.0,,44100
33860,"Montgomery, AL Metro Area",51130.0,,1168.0,,33860
43340,"Shreveport-Bossier City, LA Metro Area",43707.0,,983.0,,43340
47900,"Washington-Arlington-Alexandria, DC-VA-MD-WV Metro Area",100732.0,,455.0,,47900
12680,"Bardstown, KY Micro Area",57469.0,,3191.0,,12680
30020,"Lawton, OK Metro Area",52194.0,,1460.0,,30020
36340,"Oil City, PA Micro Area",47982.0,,1401.0,,36340
49820,"Zapata, TX Micro Area",31113.0,,4819.0,,49820
25720,"Heber, UT Micro Area",77449.0,,5814.0,,25720
29980,"Lawrenceburg, TN Micro Area",41553.0,,1586.0,,29980
38940,"Port St. Lucie, FL Metro Area",52659.0,,1043.0,,38940
21020,"Elizabeth City, NC Micro Area",49032.0,,1306.0,,21020
40700,"Roseburg, OR Micro Area",45812.0,,1303.0,,40700
12980,"Battle Creek, MI Metro Area",47426.0,,1119.0,,12980
46740,"Valley, AL Micro Area",39872.0,,2347.0,,46740
24380,"Grants, NM Micro Area",37368.0,,3303.0,,24380
28940,"Knoxville, TN Metro Area",52113.0,,674.0,,28940
37660,"Parsons, KS Micro Area",47668.0,,3485.0,,37660
20780,"Edwards, CO Micro Area",84685.0,,4478.0,,20780
21740,"Evanston, WY Micro Area",58235.0,,5671.0,,21740
34420,"Mount Pleasant, TX Micro Area",46698.0,,3475.0,,34420
47220,"Vineland-Bridgeton, NJ Metro Area",52593.0,,1718.0,,47220
25820,"Hereford, TX Micro Area",51841.0,,4192.0,,25820
27160,"Jackson, OH Micro Area",45340.0,,2441.0,,27160
20020,"Dothan, AL Metro Area",44275.0,,963.0,,20020
30780,"Little Rock-North Little Rock-Conway, AR Metro Area",53008.0,,674.0,,30780
35860,"North Vernon, IN Micro Area",49801.0,,3944.0,,35860
10140,"Aberdeen, WA Micro Area",47770.0,,2089.0,,10140
21380,"Emporia, KS Micro Area",44191.0,,3806.0,,21380
35660,"Niles-Benton Harbor, MI Metro Area",49135.0,,1239.0,,35660
41760,"Sandpoint, ID Micro Area",48710.0,,2285.0,,41760
22780,"Fort Leonard Wood, MO Micro Area",51665.0,,4064.0,,22780
37900,"Peoria, IL Metro Area",59047.0,,842.0,,37900
12220,"Auburn-Opelika, AL Metro Area",48056.0,,1506.0,,12220
17540,"Clinton, IA Micro Area",50156.0,,2409.0,,17540
32980,"Merrill, WI Micro Area",56086.0,,2436.0,,32980
36740,"Orlando-Kissimmee-Sanford, FL Metro Area",55095.0,,441.0,,36740
37860,"Pensacola-Ferry Pass-Brent, FL Metro Area",54119.0,,947.0,,37860
38420,"Platteville, WI Micro Area",52958.0,,1330.0,,38420
42020,"San Luis Obispo-Paso Robles-Arroyo Grande, CA Metro Area",70699.0,,1500.0,,42020
45580,"Thomaston, GA Micro Area",36529.0,,3721.0,,45580
48580,"Whitewater-Elkhorn, WI Micro Area",61106.0,,1402.0,,48580
48900,"Wilmington, NC Metro Area",52767.0,,1228.0,,48900
25900,"Hilo, HI Micro Area",59297.0,,1896.0,,25900
32300,"Martinsville, VA Micro Area",36061.0,,1718.0,,32300
32500,"Maysville, KY Micro Area",41415.0,,5350.0,,32500
13140,"Beaumont-Port Arthur, TX Metro Area",51094.0,,912.0,,13140
33980,"Morehead City, NC Micro Area",54428.0,,1755.0,,33980
15620,"Cadillac, MI Micro Area",44350.0,,1135.0,,15620
35620,"New York-Newark-Jersey City, NY-NJ-PA Metro Area",75086.0,,342.0,,35620
19780,"Des Moines-West Des Moines, IA Metro Area",68669.0,,809.0,,19780
26900,"Indianapolis-Carmel-Anderson, IN Metro Area",59232.0,,473.0,,26900
35900,"North Wilkesboro, NC Micro Area",40829.0,,2647.0,,35900
43020,"Shawano, WI Micro Area",53126.0,,1528.0,,43020
14020,"Bloomington, IN Metro Area",47365.0,,1463.0,,14020
23980,"Glasgow, KY Micro Area",39774.0,,1367.0,,23980
24330,"Grand Rapids, MN Micro Area",53022.0,,1487.0,,24330
12740,"Barre, VT Micro Area",62108.0,,2065.0,,12740
25220,"Hammond, LA Metro Area",46297.0,,1962.0,,25220
38660,"Ponce, PR Metro Area",17373.0,,368.0,,38660
27340,"Jacksonville, NC Metro Area",49491.0,,1299.0,,27340
22800,"Fort Madison-Keokuk, IA-IL-MO Micro Area",49699.0,,1815.0,,22800
30700,"Lincoln, NE Metro Area",58478.0,,1014.0,,30700
41940,"San Jose-Sunnyvale-Santa Clara, CA Metro Area",114742.0,,1041.0,,41940
17500,"Clewiston, FL Micro Area",40728.0,,2333.0,,17500
39260,"Prineville, OR Micro Area",44524.0,,3873.0,,39260
41400,"Salem, OH Micro Area",46306.0,,1282.0,,41400
11900,"Athens, OH Micro Area",37778.0,,3027.0,,11900
45180,"Talladega-Sylacauga, AL Micro Area",40710.0,,1469.0,,45180
48940,"Wilmington, OH Micro Area",51354.0,,2321.0,,48940
45780,"Toledo, OH Metro Area",50428.0,,774.0,,45780
10300,"Adrian, MI Micro Area",53972.0,,1421.0,,10300
33700,"Modesto, CA Metro Area",57387.0,,1316.0,,33700
49420,"Yakima, WA Metro Area",49871.0,,1159.0,,49420
11740,"Ashland, OH Micro Area",52730.0,,2111.0,,11740
16580,"Champaign-Urbana, IL Metro Area",52581.0,,919.0,,16580
22540,"Fond du Lac, WI Metro Area",59373.0,,1270.0,,22540
46660,"Valdosta, GA Metro Area",40200.0,,1456.0,,46660
10660,"Albert Lea, MN Micro Area",52447.0,,1975.0,,10660
14260,"Boise City, ID Metro Area",57105.0,,733.0,,14260
20740,"Eau Claire, WI Metro Area",56278.0,,1117.0,,20740
32460,"Mayfield, KY Micro Area",41615.0,,1819.0,,32460
10220,"Ada, OK Micro Area",49235.0,,1957.0,,10220
14820,"Brevard, NC Micro Area",46629.0,,3483.0,,14820
24620,"Greeneville, TN Micro Area",40138.0,,1831.0,,24620
22100,"Farmington, MO Micro Area",45774.0,,2067.0,,22100
21060,"Elizabethtown-Fort Knox, KY Metro Area",52738.0,,1329.0,,21060
35420,"New Philadelphia-Dover, OH Micro Area",51170.0,,1952.0,,35420
42100,"Santa Cruz-Watsonville, CA Metro Area",78041.0,,1462.0,,42100
19300,"Daphne-Fairhope-Foley, AL Metro Area",55962.0,,1204.0,,19300
22180,"Fayetteville, NC Metro Area",45958.0,,806.0,,22180
31540,"Madison, WI Metro Area",69372.0,,715.0,,31540
22840,"Fort Payne, AL Micro Area",39233.0,,2081.0,,22840
46340,"Tyler, TX Metro Area",53511.0,,1452.0,,46340
13940,"Blackfoot, ID Micro Area",51288.0,,1923.0,,13940
34220,"Moultrie, GA Micro Area",35472.0,,1945.0,,34220
44420,"Staunton-Waynesboro, VA Metro Area",55721.0,,1627.0,,44420
27380,"Jacksonville, TX Micro Area",46044.0,,1936.0,,27380
10380,"Aguadilla-Isabela, PR Metro Area",16369.0,,432.0,,10380
20060,"Douglas, GA Micro Area",38266.0,,2489.0,,20060
43420,"Sierra Vista-Douglas, AZ Metro Area",48649.0,,1372.0,,43420
24020,"Glens Falls, NY Metro Area",57035.0,,1479.0,,24020
45380,"Taylorville, IL Micro Area",52415.0,,2072.0,,45380
24060,"Glenwood Springs, CO Micro Area",72228.0,,2833.0,,24060
34260,"Mountain Home, AR Micro Area",41481.0,,1723.0,,34260
44700,"Stockton-Lodi, CA Metro Area",61145.0,,1022.0,,44700
25740,"Helena, MT Micro Area",62755.0,,1856.0,,25740
14010,"Bloomington, IL Metro Area",64646.0,,1476.0,,14010
21500,"Erie, PA Metro Area",49716.0,,919.0,,21500
40300,"Rochelle, IL Micro Area",59707.0,,1963.0,,40300
34900,"Napa, CA Metro Area",84753.0,,2198.0,,34900
38460,"Plattsburgh, NY Micro Area",55178.0,,2165.0,,38460
46700,"Vallejo-Fairfield, CA Metro Area",77609.0,,1309.0,,46700
14860,"Bridgeport-Stamford-Norwalk, CT Metro Area",92969.0,,1158.0,,14860
34100,"Morristown, TN Metro Area",44664.0,,1716.0,,34100
42940,"Sevierville, TN Micro Area",45943.0,,1619.0,,42940
23180,"Frankfort, KY Micro Area",54855.0,,1917.0,,23180
43700,"Somerset, KY Micro Area",37921.0,,2782.0,,43700
15700,"Cambridge, MD Micro Area",52145.0,,4243.0,,15700
28340,"Kendallville, IN Micro Area",55033.0,,2988.0,,28340
35260,"New Castle, PA Micro Area",48860.0,,1724.0,,35260
43620,"Sioux Falls, SD Metro Area",63940.0,,971.0,,43620
11640,"Arecibo, PR Metro Area",17402.0,,533.0,,11640
16300,"Cedar Rapids, IA Metro Area",64218.0,,1237.0,,16300
15420,"Burley, ID Micro Area",50830.0,,2056.0,,15420
35300,"New Haven-Milford, CT Metro Area",67128.0,,912.0,,35300
37620,"Parkersburg-Vienna, WV Metro Area",45586.0,,1798.0,,37620
11140,"Americus, GA Micro Area",36809.0,,2524.0,,11140
28740,"Kingston, NY Metro Area",63348.0,,1313.0,,28740
29860,"Laurel, MS Micro Area",39992.0,,2605.0,,29860
33340,"Milwaukee-Waukesha-West Allis, WI Metro Area",59751.0,,525.0,,33340
34700,"Muscatine, IA Micro Area",57348.0,,3178.0,,34700
35700,"Nogales, AZ Micro Area",40467.0,,2823.0,,35700
38700,"Pontiac, IL Micro Area",56200.0,,3116.0,,38700
27740,"Johnson City, TN Metro Area",42320.0,,1281.0,,27740
44140,"Springfield, MA Metro Area",56513.0,,1061.0,,44140
24740,"Greenville, MS Micro Area",30834.0,,1278.0,,24740
41060,"St. Cloud, MN Metro Area",59792.0,,1009.0,,41060
19100,"Dallas-Fort Worth-Arlington, TX Metro Area",66982.0,,327.0,,19100
40980,"Saginaw, MI Metro Area",46919.0,,752.0,,40980
49080,"Winnemucca, NV Micro Area",70373.0,,7457.0,,49080
14380,"Boone, NC Micro Area",45268.0,,2359.0,,14380
17860,"Columbia, MO Metro Area",54043.0,,1666.0,,17860
39660,"Rapid City, SD Metro Area",55714.0,,1523.0,,39660
10780,"Alexandria, LA Metro Area",44182.0,,1413.0,,10780
15340,"Bucyrus, OH Micro Area",42892.0,,1604.0,,15340
18380,"Cordele, GA Micro Area",35096.0,,3062.0,,18380
29620,"Lansing-East Lansing, MI Metro Area",56014.0,,661.0,,29620
39700,"Raymondville, TX Micro Area",29944.0,,5675.0,,39700
41700,"San Antonio-New Braunfels, TX Metro Area",58201.0,,487.0,,41700
22620,"Forrest City, AR Micro Area",35356.0,,2573.0,,22620
41500,"Salinas, CA Metro Area",66676.0,,1234.0,,41500
42820,"Selma, AL Micro Area",31602.0,,1447.0,,42820
38740,"Poplar Bluff, MO Micro Area",39058.0,,2674.0,,38740
40540,"Rock Springs, WY Micro Area",73008.0,,3133.0,,40540
20100,"Dover, DE Metro Area",58775.0,,1756.0,,20100
30220,"Levelland, TX Micro Area",48116.0,,2342.0,,30220
32780,"Medford, OR Metro Area",50851.0,,984.0,,32780
22340,"Fitzgerald, GA Micro Area",32705.0,,2957.0,,22340
40820,"Ruston, LA Micro Area",34154.0,,2582.0,,40820
49660,"Youngstown-Warren-Boardman, OH-PA Metro Area",45989.0,,614.0,,49660
15860,"Ca�on City, CO Micro Area",46296.0,,2175.0,,15860
34940,"Naples-Immokalee-Marco Island, FL Metro Area",65675.0,,1598.0,,34940
16260,"Cedar City, UT Micro Area",46809.0,,3453.0,,16260
31220,"Ludington, MI Micro Area",49663.0,,2106.0,,31220
31900,"Mansfield, OH Metro Area",47346.0,,1723.0,,31900
38340,"Pittsfield, MA Metro Area",56674.0,,1559.0,,38340
47540,"Wapakoneta, OH Micro Area",61758.0,,1899.0,,47540
34300,"Mountain Home, ID Micro Area",46715.0,,2094.0,,34300
39420,"Pullman, WA Micro Area",42163.0,,2124.0,,39420
16380,"Celina, OH Micro Area",59417.0,,2186.0,,16380
18700,"Corvallis, OR Metro Area",58655.0,,1968.0,,18700
27180,"Jackson, TN Metro Area",45771.0,,1546.0,,27180
21420,"Enid, OK Metro Area",51332.0,,2166.0,,21420
23700,"Gallup, NM Micro Area",31674.0,,1548.0,,23700
43180,"Shelbyville, TN Micro Area",48945.0,,2166.0,,43180
42420,"Scottsbluff, NE Micro Area",50191.0,,1983.0,,42420
11700,"Asheville, NC Metro Area",50765.0,,763.0,,11700
15020,"Brookhaven, MS Micro Area",40355.0,,3626.0,,15020
34500,"Mount Vernon, IL Micro Area",47617.0,,2804.0,,34500
14620,"Bradford, PA Micro Area",46953.0,,1217.0,,14620
16020,"Cape Girardeau, MO-IL Metro Area",49419.0,,1684.0,,16020
26620,"Huntsville, AL Metro Area",62293.0,,1439.0,,26620
28820,"Kinston, NC Micro Area",38387.0,,2001.0,,28820
15660,"Calhoun, GA Micro Area",44313.0,,2530.0,,15660
44300,"State College, PA Metro Area",58055.0,,2017.0,,44300
13460,"Bend-Redmond, OR Metro Area",63680.0,,2405.0,,13460
25580,"Hastings, NE Micro Area",51536.0,,2722.0,,25580
41140,"St. Joseph, MO-KS Metro Area",51211.0,,1302.0,,41140
48460,"West Plains, MO Micro Area",36143.0,,1580.0,,48460
17060,"Chillicothe, OH Micro Area",48403.0,,1554.0,,17060
18020,"Columbus, IN Metro Area",59045.0,,2696.0,,18020
29300,"LaGrange, GA Micro Area",43850.0,,2033.0,,29300
39580,"Raleigh, NC Metro Area",72297.0,,694.0,,39580
49220,"Wisconsin Rapids-Marshfield, WI Micro Area",53473.0,,1503.0,,49220
16820,"Charlottesville, VA Metro Area",67224.0,,1482.0,,16820
20340,"Duncan, OK Micro Area",46166.0,,1704.0,,20340
43220,"Shelton, WA Micro Area",55726.0,,1752.0,,43220
47700,"Warsaw, IN Micro Area",58402.0,,1991.0,,47700
10820,"Alexandria, MN Micro Area",60676.0,,3012.0,,10820
20460,"Durant, OK Micro Area",43245.0,,2238.0,,20460
45540,"The Villages, FL Metro Area",55228.0,,2011.0,,45540
29540,"Lancaster, PA Metro Area",63823.0,,643.0,,29540
18620,"Corsicana, TX Micro Area",47920.0,,2701.0,,18620
25300,"Hannibal, MO Micro Area",49401.0,,2364.0,,25300
47580,"Warner Robins, GA Metro Area",54664.0,,1956.0,,47580
29740,"Las Cruces, NM Metro Area",39164.0,,1431.0,,29740
19820,"Detroit-Warren-Dearborn, MI Metro Area",58544.0,,301.0,,19820
32260,"Marshalltown, IA Micro Area",54027.0,,1407.0,,32260
10940,"Alma, MI Micro Area",44991.0,,1870.0,,10940
26500,"Huntingdon, PA Micro Area",48597.0,,1311.0,,26500
45940,"Trenton, NJ Metro Area",79990.0,,1403.0,,45940
47180,"Vincennes, IN Micro Area",46457.0,,2124.0,,47180
45140,"Tahlequah, OK Micro Area",40936.0,,1729.0,,45140
22900,"Fort Smith, AR-OK Metro Area",42553.0,,862.0,,22900
38380,"Plainview, TX Micro Area",47080.0,,2713.0,,38380
22380,"Flagstaff, AZ Metro Area",57616.0,,1629.0,,22380
36980,"Owensboro, KY Metro Area",50114.0,,1711.0,,36980
37120,"Ozark, AL Micro Area",45960.0,,2816.0,,37120
49260,"Woodward, OK Micro Area",58706.0,,3782.0,,49260
31500,"Madison, IN Micro Area",51119.0,,2756.0,,31500
34180,"Moses Lake, WA Micro Area",54982.0,,1906.0,,34180
40080,"Richmond-Berea, KY Micro Area",46726.0,,2345.0,,40080
47660,"Warrensburg, MO Micro Area",53056.0,,2319.0,,47660
25620,"Hattiesburg, MS Metro Area",47116.0,,1840.0,,25620
34020,"Morgan City, LA Micro Area",40485.0,,1543.0,,34020
37460,"Panama City, FL Metro Area",51271.0,,1277.0,,37460
40900,"Sacramento--Roseville--Arden-Arcade, CA Metro Area",68662.0,,495.0,,40900
41820,"Sanford, NC Micro Area",48873.0,,2218.0,,41820
42200,"Santa Maria-Santa Barbara, CA Metro Area",71657.0,,1476.0,,42200
32580,"McAllen-Edinburg-Mission, TX Metro Area",38398.0,,891.0,,32580
36500,"Olympia-Tumwater, WA Metro Area",69592.0,,1269.0,,36500
15540,"Burlington-South Burlington, VT Metro Area",68265.0,,1550.0,,15540
31740,"Manhattan, KS Metro Area",53109.0,,1709.0,,31740
48100,"Wauchula, FL Micro Area",37594.0,,3486.0,,48100
20300,"Dumas, TX Micro Area",51527.0,,2468.0,,20300
24420,"Grants Pass, OR Metro Area",43046.0,,1996.0,,24420
31680,"Malvern, AR Micro Area",41262.0,,1831.0,,31680
38900,"Portland-Vancouver-Hillsboro, OR-WA Metro Area",70724.0,,511.0,,38900
22660,"Fort Collins, CO Metro Area",67664.0,,1346.0,,22660
18880,"Crestview-Fort Walton Beach-Destin, FL Metro Area",59877.0,,1519.0,,18880
22140,"Farmington, NM Metro Area",50582.0,,1564.0,,22140
37580,"Paris, TX Micro Area",43562.0,,2785.0,,37580
14660,"Brainerd, MN Micro Area",53001.0,,1157.0,,14660
13700,"Big Spring, TX Micro Area",51961.0,,2499.0,,13700
21780,"Evansville, IN-KY Metro Area",51860.0,,898.0,,21780
42900,"Seneca Falls, NY Micro Area",54695.0,,2055.0,,42900
44920,"Summit Park, UT Micro Area",100453.0,,5764.0,,44920
49380,"Worthington, MN Micro Area",54149.0,,3111.0,,49380
31820,"Manitowoc, WI Micro Area",53489.0,,1451.0,,31820
44460,"Steamboat Springs, CO Micro Area",74273.0,,3839.0,,44460
12180,"Auburn, NY Micro Area",56579.0,,1673.0,,12180
38100,"Picayune, MS Micro Area",45820.0,,4345.0,,38100
38820,"Port Angeles, WA Micro Area",49913.0,,1998.0,,38820
27700,"Jesup, GA Micro Area",44869.0,,3467.0,,27700
26660,"Huntsville, TX Micro Area",41529.0,,1719.0,,26660
26740,"Hutchinson, KS Micro Area",49174.0,,1352.0,,26740
43460,"Sikeston, MO Micro Area",42231.0,,2077.0,,43460
22820,"Fort Morgan, CO Micro Area",51626.0,,2649.0,,22820
26090,"Holland, MI Micro Area",59883.0,,1786.0,,26090
28500,"Kerrville, TX Micro Area",52473.0,,2685.0,,28500
11820,"Astoria, OR Micro Area",52583.0,,2663.0,,11820
12300,"Augusta-Waterville, ME Micro Area",52929.0,,1484.0,,12300
33180,"Middlesborough, KY Micro Area",24628.0,,2786.0,,33180
39060,"Pottsville, PA Micro Area",49190.0,,1207.0,,39060
48060,"Watertown-Fort Drum, NY Metro Area",52268.0,,1528.0,,48060
25860,"Hickory-Lenoir-Morganton, NC Metro Area",46241.0,,885.0,,25860
13720,"Big Stone Gap, VA Micro Area",34649.0,,1603.0,,13720
23500,"Gaffney, SC Micro Area",35836.0,,2201.0,,23500
33300,"Milledgeville, GA Micro Area",37955.0,,2822.0,,33300
41180,"St. Louis, MO-IL Metro Area",61317.0,,390.0,,41180
43060,"Shawnee, OK Micro Area",47683.0,,1214.0,,43060
45700,"Tifton, GA Micro Area",42790.0,,2827.0,,45700
17020,"Chico, CA Metro Area",48443.0,,1477.0,,17020
11060,"Altus, OK Micro Area",45757.0,,2590.0,,11060
24500,"Great Falls, MT Metro Area",48160.0,,1419.0,,24500
48500,"West Point, MS Micro Area",35121.0,,4821.0,,48500
22300,"Findlay, OH Micro Area",55644.0,,1981.0,,22300
37980,"Philadelphia-Camden-Wilmington, PA-NJ-DE-MD Metro Area",69465.0,,371.0,,37980
49740,"Yuma, AZ Metro Area",44058.0,,1027.0,,49740
29900,"Laurinburg, NC Micro Area",35617.0,,2203.0,,29900
43260,"Sheridan, WY Micro Area",58521.0,,2598.0,,43260
45900,"Traverse City, MI Micro Area",59063.0,,1530.0,,45900
25460,"Harrison, AR Micro Area",42910.0,,1667.0,,25460
41780,"Sandusky, OH Micro Area",52270.0,,2065.0,,41780
28660,"Killeen-Temple, TX Metro Area",53953.0,,774.0,,28660
30060,"Lebanon, MO Micro Area",46192.0,,3544.0,,30060
19140,"Dalton, GA Metro Area",46381.0,,2625.0,,19140
14340,"Boone, IA Micro Area",61111.0,,2181.0,,14340
16100,"Carlsbad-Artesia, NM Micro Area",62982.0,,3186.0,,16100
17780,"College Station-Bryan, TX Metro Area",48213.0,,1361.0,,17780
29500,"Lamesa, TX Micro Area",44657.0,,5731.0,,29500
40460,"Rockingham, NC Micro Area",36091.0,,2225.0,,40460
45060,"Syracuse, NY Metro Area",58248.0,,701.0,,45060
23580,"Gainesville, GA Metro Area",59898.0,,1521.0,,23580
41260,"St. Marys, PA Micro Area",51112.0,,2209.0,,41260
16700,"Charleston-North Charleston, SC Metro Area",60884.0,,988.0,,16700
24100,"Gloversville, NY Micro Area",50248.0,,1597.0,,24100
39820,"Redding, CA Metro Area",50905.0,,1445.0,,39820
44020,"Spirit Lake, IA Micro Area",58099.0,,5435.0,,44020
14500,"Boulder, CO Metro Area",78642.0,,1583.0,,14500
13260,"Bedford, IN Micro Area",52092.0,,2964.0,,13260
27260,"Jacksonville, FL Metro Area",58957.0,,638.0,,27260
26580,"Huntington-Ashland, WV-KY-OH Metro Area",44689.0,,912.0,,26580
48260,"Weirton-Steubenville, WV-OH Metro Area",45932.0,,1226.0,,48260
20420,"Durango, CO Micro Area",64372.0,,2658.0,,20420
11780,"Ashtabula, OH Micro Area",44823.0,,1563.0,,11780
21340,"El Paso, TX Metro Area",44531.0,,738.0,,21340
36940,"Owatonna, MN Micro Area",62731.0,,2041.0,,36940
15060,"Brookings, OR Micro Area",46396.0,,3602.0,,15060
41620,"Salt Lake City, UT Metro Area",71221.0,,668.0,,41620
47920,"Washington Court House, OH Micro Area",46478.0,,2496.0,,47920
34740,"Muskegon, MI Metro Area",48329.0,,978.0,,34740
24460,"Great Bend, KS Micro Area",50198.0,,2734.0,,24460
28580,"Key West, FL Micro Area",67023.0,,2323.0,,28580
30860,"Logan, UT-ID Metro Area",56800.0,,1201.0,,30860
42140,"Santa Fe, NM Metro Area",59192.0,,1499.0,,42140
12780,"Bartlesville, OK Micro Area",52103.0,,2180.0,,12780
37020,"Owosso, MI Micro Area",54742.0,,1401.0,,37020
43580,"Sioux City, IA-NE-SD Metro Area",57817.0,,1258.0,,43580
21540,"Escanaba, MI Micro Area",46490.0,,2326.0,,21540
40140,"Riverside-San Bernardino-Ontario, CA Metro Area",62301.0,,383.0,,40140
36860,"Ottawa-Peru, IL Micro Area",56456.0,,1204.0,,36860
46860,"Vernal, UT Micro Area",66736.0,,3909.0,,46860
47340,"Wabash, IN Micro Area",50637.0,,1869.0,,47340
46620,"Uvalde, TX Micro Area",41752.0,,3354.0,,46620
10620,"Albemarle, NC Micro Area",49590.0,,1817.0,,10620
32540,"McAlester, OK Micro Area",45346.0,,2004.0,,32540
20260,"Duluth, MN-WI Metro Area",54022.0,,735.0,,20260
29780,"Las Vegas, NM Micro Area",31660.0,,1787.0,,29780
36260,"Ogden-Clearfield, UT Metro Area",71886.0,,841.0,,36260
25760,"Helena-West Helena, AR Micro Area",29263.0,,3332.0,,25760
42700,"Sebring, FL Metro Area",37314.0,,1444.0,,42700
47300,"Visalia-Porterville, CA Metro Area",47518.0,,1141.0,,47300
14300,"Bonham, TX Micro Area",50761.0,,1798.0,,14300
21260,"Ellensburg, WA Micro Area",55193.0,,2987.0,,21260
14700,"Branson, MO Micro Area",43206.0,,1418.0,,14700
29180,"Lafayette, LA Metro Area",50486.0,,1122.0,,29180
19660,"Deltona-Daytona Beach-Ormond Beach, FL Metro Area",48066.0,,725.0,,19660
26220,"Hood River, OR Micro Area",62935.0,,4086.0,,26220
46460,"Union City, TN-KY Micro Area",38646.0,,1855.0,,46460
37940,"Peru, IN Micro Area",47460.0,,2030.0,,37940
31340,"Lynchburg, VA Metro Area",52076.0,,1035.0,,31340
12380,"Austin, MN Micro Area",53665.0,,3302.0,,12380
19420,"Dayton, TN Micro Area",39451.0,,3060.0,,19420
30380,"Lewistown, PA Micro Area",47526.0,,1807.0,,30380
35940,"Norwalk, OH Micro Area",51559.0,,1719.0,,35940
48180,"Waycross, GA Micro Area",41540.0,,2859.0,,48180
27420,"Jamestown, ND Micro Area",57642.0,,2929.0,,27420
39340,"Provo-Orem, UT Metro Area",70179.0,,807.0,,39340
26420,"Houston-The Woodlands-Sugar Land, TX Metro Area",65381.0,,484.0,,26420
17660,"Coeur d'Alene, ID Metro Area",54457.0,,1455.0,,17660
42620,"Searcy, AR Micro Area",43822.0,,2407.0,,42620
25500,"Harrisonburg, VA Metro Area",54136.0,,1461.0,,25500
46220,"Tuscaloosa, AL Metro Area",50110.0,,993.0,,46220
15460,"Burlington, IA-IL Micro Area",50345.0,,1702.0,,15460
19340,"Davenport-Moline-Rock Island, IA-IL Metro Area",55941.0,,1015.0,,19340
24260,"Grand Island, NE Metro Area",55672.0,,1252.0,,24260
44060,"Spokane-Spokane Valley, WA Metro Area",54128.0,,748.0,,44060
38300,"Pittsburgh, PA Metro Area",58290.0,,420.0,,38300
41980,"San Juan-Carolina-Caguas, PR Metro Area",22729.0,,236.0,,41980
13660,"Big Rapids, MI Micro Area",44460.0,,1813.0,,13660
48980,"Wilson, NC Micro Area",42850.0,,1379.0,,48980
28140,"Kansas City, MO-KS Metro Area",64020.0,,389.0,,28140
24660,"Greensboro-High Point, NC Metro Area",48776.0,,667.0,,24660
33140,"Michigan City-La Porte, IN Metro Area",51101.0,,1370.0,,33140
34580,"Mount Vernon-Anacortes, WA Metro Area",62865.0,,1581.0,,34580
12120,"Atmore, AL Micro Area",35000.0,,3118.0,,12120
22520,"Florence-Muscle Shoals, AL Metro Area",46683.0,,1364.0,,22520
21140,"Elkhart-Goshen, IN Metro Area",55399.0,,1260.0,,21140
29660,"Laramie, WY Micro Area",46865.0,,2174.0,,29660
11540,"Appleton, WI Metro Area",65031.0,,1321.0,,11540
35500,"Newton, IA Micro Area",55727.0,,3204.0,,35500
24340,"Grand Rapids-Wyoming, MI Metro Area",61225.0,,614.0,,24340
42460,"Scottsboro, AL Micro Area",39816.0,,1602.0,,42460
10860,"Alice, TX Micro Area",42005.0,,5407.0,,10860
34780,"Muskogee, OK Micro Area",42689.0,,1814.0,,34780
20820,"Effingham, IL Micro Area",56293.0,,3135.0,,20820
11420,"Angola, IN Micro Area",56101.0,,2154.0,,11420
13300,"Beeville, TX Micro Area",42032.0,,4701.0,,13300
16220,"Casper, WY Metro Area",60550.0,,2371.0,,16220
24140,"Goldsboro, NC Metro Area",42192.0,,1443.0,,24140
32220,"Marshall, TX Micro Area",51202.0,,2234.0,,32220
14140,"Bluefield, WV-VA Micro Area",40218.0,,1530.0,,14140
14180,"Blytheville, AR Micro Area",37237.0,,1966.0,,14180
47820,"Washington, NC Micro Area",43688.0,,3421.0,,47820
11620,"Ardmore, OK Micro Area",49216.0,,1550.0,,11620
29420,"Lake Havasu City-Kingman, AZ Metro Area",43266.0,,1301.0,,29420
36780,"Oshkosh-Neenah, WI Metro Area",57124.0,,1152.0,,36780
38180,"Pierre, SD Micro Area",65707.0,,5303.0,,38180
44340,"Statesboro, GA Micro Area",41789.0,,1849.0,,44340
27500,"Janesville-Beloit, WI Metro Area",55832.0,,1073.0,,27500
39540,"Racine, WI Metro Area",59749.0,,1011.0,,39540
11460,"Ann Arbor, MI Metro Area",69434.0,,1194.0,,11460
11660,"Arkadelphia, AR Micro Area",39752.0,,3177.0,,11660
48020,"Watertown-Fort Atkinson, WI Micro Area",63676.0,,2189.0,,48020
25780,"Henderson, NC Micro Area",37282.0,,2841.0,,25780
11020,"Altoona, PA Metro Area",47969.0,,1449.0,,11020
29700,"Laredo, TX Metro Area",42293.0,,1239.0,,29700
31140,"Louisville/Jefferson County, KY-IN Metro Area",56638.0,,502.0,,31140
35460,"Newport, TN Micro Area",33614.0,,2524.0,,35460
16980,"Chicago-Naperville-Elgin, IL-IN-WI Metro Area",68715.0,,285.0,,16980
17140,"Cincinnati, OH-KY-IN Metro Area",61870.0,,527.0,,17140
12660,"Baraboo, WI Micro Area",56732.0,,1108.0,,12660
33220,"Midland, MI Metro Area",59271.0,,2398.0,,33220
15220,"Brownwood, TX Micro Area",45457.0,,2375.0,,15220
45520,"The Dalles, OR Micro Area",50973.0,,2064.0,,45520
31460,"Madera, CA Metro Area",52884.0,,1923.0,,31460
33460,"Minneapolis-St. Paul-Bloomington, MN-WI Metro Area",76870.0,,442.0,,33460
37100,"Oxnard-Thousand Oaks-Ventura, CA Metro Area",84017.0,,1199.0,,37100
12460,"Bainbridge, GA Micro Area",39148.0,,2377.0,,12460
20380,"Dunn, NC Micro Area",51630.0,,1150.0,,20380
31060,"Los Alamos, NM Micro Area",115248.0,,7220.0,,31060
33660,"Mobile, AL Metro Area",46166.0,,1129.0,,33660
13820,"Birmingham-Hoover, AL Metro Area",54291.0,,495.0,,13820
49460,"Yankton, SD Micro Area",54694.0,,4108.0,,49460
10100,"Aberdeen, SD Micro Area",57184.0,,2806.0,,10100
14780,"Brenham, TX Micro Area",56237.0,,5282.0,,14780
13740,"Billings, MT Metro Area",58878.0,,1819.0,,13740
34620,"Muncie, IN Metro Area",42705.0,,1457.0,,34620
39220,"Price, UT Micro Area",50278.0,,2066.0,,39220
46060,"Tucson, AZ Metro Area",51037.0,,502.0,,46060
41460,"Salina, KS Micro Area",50602.0,,1404.0,,41460
10540,"Albany, OR Metro Area",52097.0,,1597.0,,10540
13180,"Beaver Dam, WI Micro Area",58870.0,,1805.0,,13180
21860,"Fairmont, MN Micro Area",53915.0,,4255.0,,21860
40620,"Rolla, MO Micro Area",42846.0,,2355.0,,40620
18140,"Columbus, OH Metro Area",62898.0,,450.0,,18140
13380,"Bellingham, WA Metro Area",59285.0,,1481.0,,13380
13420,"Bemidji, MN Micro Area",47410.0,,2260.0,,13420
34380,"Mount Pleasant, MI Micro Area",44408.0,,1929.0,,34380
30900,"Logansport, IN Micro Area",47545.0,,2318.0,,30900
10180,"Abilene, TX Metro Area",49945.0,,1551.0,,10180
28180,"Kapaa, HI Micro Area",78482.0,,3257.0,,28180
29460,"Lakeland-Winter Haven, FL Metro Area",48500.0,,709.0,,29460
29340,"Lake Charles, LA Metro Area",49566.0,,1392.0,,29340
11180,"Ames, IA Metro Area",54554.0,,1755.0,,11180
25840,"Hermiston-Pendleton, OR Micro Area",52138.0,,1404.0,,25840
29380,"Lake City, FL Micro Area",44491.0,,3128.0,,29380
12620,"Bangor, ME Metro Area",49374.0,,1640.0,,12620
25880,"Hillsdale, MI Micro Area",48392.0,,1547.0,,25880
48660,"Wichita Falls, TX Metro Area",47609.0,,1297.0,,48660
23140,"Frankfort, IN Micro Area",52488.0,,2916.0,,23140
32660,"McMinnville, TN Micro Area",37715.0,,2218.0,,32660
25940,"Hilton Head Island-Bluffton-Beaufort, SC Metro Area",60087.0,,1964.0,,25940
12820,"Bastrop, LA Micro Area",33333.0,,2531.0,,12820
19500,"Decatur, IL Metro Area",50444.0,,1467.0,,19500
41540,"Salisbury, MD-DE Metro Area",58803.0,,1126.0,,41540
22260,"Fergus Falls, MN Micro Area",57131.0,,1540.0,,22260
31580,"Madisonville, KY Micro Area",45738.0,,2211.0,,31580
43300,"Sherman-Denison, TX Metro Area",54370.0,,1905.0,,43300
24580,"Green Bay, WI Metro Area",59830.0,,1141.0,,24580
33060,"Miami, OK Micro Area",39070.0,,1109.0,,33060
13500,"Bennettsville, SC Micro Area",34203.0,,2307.0,,13500
27580,"Jayuya, PR Micro Area",15424.0,,2978.0,,27580
21900,"Fairmont, WV Micro Area",48605.0,,1960.0,,21900
40180,"Riverton, WY Micro Area",54242.0,,3180.0,,40180
12020,"Athens-Clarke County, GA Metro Area",45246.0,,1394.0,,12020
28700,"Kingsport-Bristol-Bristol, TN-VA Metro Area",42579.0,,819.0,,28700
30140,"Lebanon, PA Metro Area",59114.0,,1681.0,,30140
40220,"Roanoke, VA Metro Area",54664.0,,788.0,,40220
15140,"Brownsville, TN Micro Area",38362.0,,2866.0,,15140
33100,"Miami-Fort Lauderdale-West Palm Beach, FL Metro Area",54239.0,,317.0,,33100
35840,"North Port-Sarasota-Bradenton, FL Metro Area",57506.0,,904.0,,35840
31700,"Manchester-Nashua, NH Metro Area",78655.0,,1474.0,,31700
44900,"Summerville, GA Micro Area",36107.0,,1896.0,,44900
47080,"Vidalia, GA Micro Area",37897.0,,3055.0,,47080
32380,"Mason City, IA Micro Area",53075.0,,1325.0,,32380
27900,"Joplin, MO Metro Area",47724.0,,1158.0,,27900
39460,"Punta Gorda, FL Metro Area",49225.0,,979.0,,39460
46520,"Urban Honolulu, HI Metro Area",82906.0,,756.0,,46520
23380,"Fremont, OH Micro Area",51701.0,,1582.0,,23380
41220,"St. Marys, GA Micro Area",56397.0,,2166.0,,41220
48820,"Willmar, MN Micro Area",59089.0,,2058.0,,48820
25180,"Hagerstown-Martinsburg, MD-WV Metro Area",60136.0,,1211.0,,25180
35060,"Natchitoches, LA Micro Area",27795.0,,1572.0,,35060
49620,"York-Hanover, PA Metro Area",63902.0,,933.0,,49620
15180,"Brownsville-Harlingen, TX Metro Area",37132.0,,1130.0,,15180
30300,"Lewiston, ID-WA Metro Area",52056.0,,1739.0,,30300
24640,"Greenfield Town, MA Micro Area",59522.0,,1827.0,,24640
25260,"Hanford-Corcoran, CA Metro Area",53865.0,,2352.0,,25260
32620,"McComb, MS Micro Area",31122.0,,1660.0,,32620
47260,"Virginia Beach-Norfolk-Newport News, VA-NC Metro Area",64534.0,,474.0,,47260
15980,"Cape Coral-Fort Myers, FL Metro Area",54691.0,,759.0,,15980
18860,"Crescent City, CA Micro Area",45258.0,,5035.0,,18860
41420,"Salem, OR Metro Area",56542.0,,1000.0,,41420
41900,"San Germ�n, PR Metro Area",15584.0,,757.0,,41900
10580,"Albany-Schenectady-Troy, NY Metro Area",68651.0,,714.0,,10580
20980,"El Dorado, AR Micro Area",44000.0,,2866.0,,20980
38240,"Pinehurst-Southern Pines, NC Micro Area",57899.0,,2155.0,,38240
13020,"Bay City, MI Metro Area",48005.0,,1473.0,,13020
16180,"Carson City, NV Metro Area",52034.0,,2130.0,,16180
15380,"Buffalo-Cheektowaga-Niagara Falls, NY Metro Area",55371.0,,571.0,,15380
42380,"Sayre, PA Micro Area",51457.0,,1337.0,,42380
15940,"Canton-Massillon, OH Metro Area",52205.0,,691.0,,15940
36420,"Oklahoma City, OK Metro Area",57072.0,,518.0,,36420
33420,"Mineral Wells, TX Micro Area",45979.0,,4275.0,,33420
30620,"Lima, OH Metro Area",50552.0,,1657.0,,30620
36380,"Okeechobee, FL Micro Area",40367.0,,2024.0,,36380
21180,"Elkins, WV Micro Area",41094.0,,2882.0,,21180
46180,"Tupelo, MS Micro Area",45362.0,,1477.0,,46180
32340,"Maryville, MO Micro Area",43349.0,,2081.0,,32340
39300,"Providence-Warwick, RI-MA Metro Area",64248.0,,533.0,,39300
32100,"Marquette, MI Micro Area",50771.0,,1421.0,,32100
37060,"Oxford, MS Micro Area",47132.0,,4004.0,,37060
40940,"Safford, AZ Micro Area",51352.0,,2134.0,,40940
15780,"Camden, AR Micro Area",35879.0,,1764.0,,15780
21220,"Elko, NV Micro Area",77222.0,,3695.0,,21220
30340,"Lewiston-Auburn, ME Metro Area",51412.0,,1287.0,,30340
18100,"Columbus, NE Micro Area",62617.0,,3413.0,,18100
49340,"Worcester, MA-CT Metro Area",70716.0,,752.0,,49340
16140,"Carroll, IA Micro Area",57674.0,,3499.0,,16140
18780,"Craig, CO Micro Area",52807.0,,6292.0,,18780
47020,"Victoria, TX Metro Area",56215.0,,2917.0,,47020
45740,"Toccoa, GA Micro Area",43416.0,,4330.0,,45740
18460,"Cornelia, GA Micro Area",49140.0,,2426.0,,18460
20540,"Dyersburg, TN Micro Area",43762.0,,3208.0,,20540
32700,"McPherson, KS Micro Area",57765.0,,3206.0,,32700
10260,"Adjuntas, PR Micro Area",12902.0,,1027.0,,10260
43500,"Silver City, NM Micro Area",37880.0,,4254.0,,43500
22020,"Fargo, ND-MN Metro Area",62832.0,,1498.0,,22020
44180,"Springfield, MO Metro Area",46840.0,,799.0,,44180
13100,"Beatrice, NE Micro Area",51662.0,,3264.0,,13100
33020,"Mexico, MO Micro Area",43761.0,,1422.0,,33020
33620,"Moberly, MO Micro Area",46610.0,,3310.0,,33620
38920,"Port Lavaca, TX Micro Area",55469.0,,4258.0,,38920
17460,"Cleveland-Elyria, OH Metro Area",54273.0,,354.0,,17460
27060,"Ithaca, NY Metro Area",58743.0,,1600.0,,27060
27620,"Jefferson City, MO Metro Area",56808.0,,1393.0,,27620
43320,"Show Low, AZ Micro Area",40054.0,,1508.0,,43320
44660,"Stillwater, OK Micro Area",40944.0,,1977.0,,44660
35220,"New Castle, IN Micro Area",48235.0,,1827.0,,35220
42180,"Santa Isabel, PR Micro Area",17640.0,,2025.0,,42180
48540,"Wheeling, WV-OH Metro Area",48208.0,,1478.0,,48540
23340,"Fremont, NE Micro Area",53101.0,,1756.0,,23340
28300,"Keene, NH Micro Area",63057.0,,2005.0,,28300
32900,"Merced, CA Metro Area",50129.0,,1671.0,,32900
28100,"Kankakee, IL Metro Area",57981.0,,1451.0,,28100
19740,"Denver-Aurora-Lakewood, CO Metro Area",75565.0,,492.0,,19740
23900,"Gettysburg, PA Metro Area",64507.0,,1226.0,,23900
46500,"Urbana, OH Micro Area",57103.0,,2180.0,,46500
30820,"Lock Haven, PA Micro Area",49234.0,,1685.0,,30820
13620,"Berlin, NH-VT Micro Area",44745.0,,1233.0,,13620
22060,"Faribault-Northfield, MN Micro Area",65758.0,,2206.0,,22060
48700,"Williamsport, PA Metro Area",52407.0,,1386.0,,48700
49300,"Wooster, OH Micro Area",56348.0,,1184.0,,49300
46100,"Tullahoma-Manchester, TN Micro Area",48712.0,,1597.0,,46100
11580,"Arcadia, FL Micro Area",35057.0,,2284.0,,11580
21460,"Enterprise, AL Micro Area",53155.0,,2474.0,,21460
40760,"Ruidoso, NM Micro Area",42267.0,,6929.0,,40760
29020,"Kokomo, IN Metro Area",50869.0,,1938.0,,29020
31620,"Magnolia, AR Micro Area",36148.0,,2798.0,,31620
19060,"Cumberland, MD-WV Metro Area",44647.0,,1261.0,,19060
33580,"Mitchell, SD Micro Area",50408.0,,4279.0,,33580
10980,"Alpena, MI Micro Area",41991.0,,1451.0,,10980
24940,"Greenwood, SC Micro Area",40071.0,,1495.0,,24940
33500,"Minot, ND Micro Area",67295.0,,2136.0,,33500
