NAME,B17001_001E,B17001_001EA,B17001_001M,B17001_001MA,B17001_002E,B17001_002EA,B17001_002M,B17001_002MA,B17001_031E,B17001_031EA,B17001_031M,B17001_031MA,metropolitan statistical area/micropolitan statistical area
"Kapaa, HI Micro Area",70565.0,,358.0,,5985.0,,615.0,,64580.0,,676.0,,28180
"Kearney, NE Micro Area",53027.0,,287.0,,7236.0,,674.0,,45791.0,,676.0,,28260
"Keene, NH Micro Area",71648.0,,456.0,,7105.0,,745.0,,64543.0,,834.0,,28300
"Kalamazoo-Portage, MI Metro Area",327290.0,,969.0,,52324.0,,2271.0,,274966.0,,2469.0,,28020
"Kalispell, MT Micro Area",96940.0,,381.0,,11368.0,,1261.0,,85572.0,,1279.0,,28060
"Kankakee, IL Metro Area",106517.0,,463.0,,15794.0,,1189.0,,90723.0,,1302.0,,28100
"Kansas City, MO-KS Metro Area",2073330.0,,1494.0,,227093.0,,5739.0,,1846237.0,,5754.0,,28140
"Iron Mountain, MI-WI Micro Area",29381.0,,136.0,,3765.0,,443.0,,25616.0,,433.0,,27020
"Ithaca, NY Metro Area",89259.0,,660.0,,17500.0,,1194.0,,71759.0,,1295.0,,27060
"Jackson, MI Metro Area",148782.0,,524.0,,20924.0,,1295.0,,127858.0,,1309.0,,27100
"Jackson, MS Metro Area",558126.0,,1234.0,,95647.0,,3913.0,,462479.0,,4084.0,,27140
"Jackson, OH Micro Area",31980.0,,240.0,,6265.0,,980.0,,25715.0,,1003.0,,27160
"Jackson, TN Metro Area",124259.0,,463.0,,23934.0,,1532.0,,100325.0,,1689.0,,27180
"Jackson, WY-ID Micro Area",34027.0,,62.0,,2298.0,,578.0,,31729.0,,579.0,,27220
"Jacksonville, FL Metro Area",1446328.0,,1713.0,,193080.0,,5751.0,,1253248.0,,5707.0,,27260
"Jacksonville, IL Micro Area",35921.0,,377.0,,5156.0,,636.0,,30765.0,,654.0,,27300
"Jacksonville, NC Metro Area",173402.0,,1171.0,,23880.0,,2150.0,,149522.0,,2474.0,,27340
"Jacksonville, TX Micro Area",48662.0,,318.0,,8878.0,,1214.0,,39784.0,,1229.0,,27380
"Jamestown, ND Micro Area",19461.0,,237.0,,2301.0,,468.0,,17160.0,,505.0,,27420
"Jamestown-Dunkirk-Fredonia, NY Micro Area",124066.0,,369.0,,23241.0,,1263.0,,100825.0,,1314.0,,27460
"Janesville-Beloit, WI Metro Area",158339.0,,368.0,,21507.0,,1374.0,,136832.0,,1422.0,,27500
"Jasper, IN Micro Area",53603.0,,276.0,,5953.0,,1153.0,,47650.0,,1133.0,,27540
"Jayuya, PR Micro Area",14650.0,,213.0,,8850.0,,963.0,,5800.0,,995.0,,27580
"Jefferson, GA Micro Area",65060.0,,213.0,,7168.0,,1033.0,,57892.0,,1005.0,,27600
"Jefferson City, MO Metro Area",140465.0,,621.0,,15373.0,,1301.0,,125092.0,,1366.0,,27620
"Jennings, LA Micro Area",30929.0,,168.0,,6002.0,,813.0,,24927.0,,774.0,,27660
"Jesup, GA Micro Area",27402.0,,341.0,,5372.0,,875.0,,22030.0,,974.0,,27700
"Johnson City, TN Metro Area",194268.0,,535.0,,35704.0,,2114.0,,158564.0,,2257.0,,27740
"Johnstown, PA Metro Area",127569.0,,554.0,,19582.0,,1102.0,,107987.0,,1200.0,,27780
"Jonesboro, AR Metro Area",125088.0,,510.0,,23790.0,,1501.0,,101298.0,,1540.0,,27860
"Joplin, MO Metro Area",173764.0,,376.0,,28239.0,,1933.0,,145525.0,,1937.0,,27900
"Junction City, KS Micro Area",33889.0,,302.0,,4127.0,,759.0,,29762.0,,789.0,,27920
"Juneau, AK Micro Area",31799.0,,181.0,,2514.0,,445.0,,29285.0,,489.0,,27940
"Kahului-Wailuku-Lahaina, HI Metro Area",162806.0,,736.0,,15847.0,,1323.0,,146959.0,,1545.0,,27980
"Dickinson, ND Micro Area",30166.0,,200.0,,2659.0,,500.0,,27507.0,,545.0,,19860
"Dixon, IL Micro Area",31258.0,,303.0,,3392.0,,442.0,,27866.0,,451.0,,19940
"Dodge City, KS Micro Area",33780.0,,175.0,,4875.0,,911.0,,28905.0,,944.0,,19980
"Dothan, AL Metro Area",146234.0,,215.0,,27465.0,,1174.0,,118769.0,,1235.0,,20020
"Douglas, GA Micro Area",39068.0,,615.0,,8703.0,,1036.0,,30365.0,,1141.0,,20060
"Dover, DE Metro Area",169188.0,,602.0,,22968.0,,1744.0,,146220.0,,1746.0,,20100
"Dublin, GA Micro Area",55754.0,,245.0,,14507.0,,1265.0,,41247.0,,1281.0,,20140
"DuBois, PA Micro Area",74368.0,,321.0,,11052.0,,923.0,,63316.0,,972.0,,20180
"Dubuque, IA Metro Area",92938.0,,392.0,,10874.0,,873.0,,82064.0,,887.0,,20220
"Duluth, MN-WI Metro Area",268567.0,,821.0,,38325.0,,1455.0,,230242.0,,1533.0,,20260
"Dumas, TX Micro Area",21512.0,,153.0,,3319.0,,738.0,,18193.0,,736.0,,20300
"Duncan, OK Micro Area",43163.0,,146.0,,6344.0,,569.0,,36819.0,,592.0,,20340
"Dunn, NC Micro Area",126783.0,,418.0,,21495.0,,1590.0,,105288.0,,1661.0,,20380
"Durango, CO Micro Area",53190.0,,321.0,,4609.0,,549.0,,48581.0,,614.0,,20420
"Durant, OK Micro Area",44425.0,,249.0,,7401.0,,639.0,,37024.0,,627.0,,20460
"Durham-Chapel Hill, NC Metro Area",532410.0,,1093.0,,79515.0,,3007.0,,452895.0,,3066.0,,20500
"Dyersburg, TN Micro Area",36737.0,,274.0,,6806.0,,969.0,,29931.0,,1076.0,,20540
"Eagle Pass, TX Micro Area",57660.0,,180.0,,15467.0,,1804.0,,42193.0,,1854.0,,20580
"Easton, MD Micro Area",36747.0,,180.0,,3508.0,,558.0,,33239.0,,618.0,,20660
"East Stroudsburg, PA Metro Area",165208.0,,312.0,,19004.0,,1904.0,,146204.0,,1877.0,,20700
"Eau Claire, WI Metro Area",159703.0,,418.0,,20888.0,,1150.0,,138815.0,,1231.0,,20740
"Edwards, CO Micro Area",54012.0,,246.0,,3793.0,,849.0,,50219.0,,861.0,,20780
"Effingham, IL Micro Area",33555.0,,186.0,,3901.0,,619.0,,29654.0,,641.0,,20820
"El Campo, TX Micro Area",40931.0,,171.0,,7182.0,,958.0,,33749.0,,990.0,,20900
"El Centro, CA Metro Area",170447.0,,553.0,,41191.0,,2778.0,,129256.0,,2709.0,,20940
"El Dorado, AR Micro Area",39251.0,,155.0,,7876.0,,798.0,,31375.0,,804.0,,20980
"Elizabeth City, NC Micro Area",60786.0,,246.0,,9208.0,,946.0,,51578.0,,942.0,,21020
"Elizabethtown-Fort Knox, KY Metro Area",146697.0,,503.0,,20015.0,,1675.0,,126682.0,,1601.0,,21060
"Elk City, OK Micro Area",20675.0,,280.0,,2932.0,,838.0,,17743.0,,857.0,,21120
"Elkhart-Goshen, IN Metro Area",199933.0,,414.0,,26675.0,,2122.0,,173258.0,,2197.0,,21140
"Elkins, WV Micro Area",26617.0,,316.0,,5139.0,,607.0,,21478.0,,659.0,,21180
"Elko, NV Micro Area",53242.0,,271.0,,6265.0,,863.0,,46977.0,,885.0,,21220
"Ellensburg, WA Micro Area",42313.0,,292.0,,8026.0,,690.0,,34287.0,,690.0,,21260
"Elmira, NY Metro Area",80919.0,,515.0,,11996.0,,1001.0,,68923.0,,1137.0,,21300
"El Paso, TX Metro Area",825633.0,,1033.0,,176122.0,,6010.0,,649511.0,,5980.0,,21340
"Emporia, KS Micro Area",31605.0,,304.0,,5483.0,,698.0,,26122.0,,696.0,,21380
"Enid, OK Metro Area",60443.0,,269.0,,8909.0,,1200.0,,51534.0,,1197.0,,21420
"Enterprise, AL Micro Area",50502.0,,170.0,,7604.0,,731.0,,42898.0,,753.0,,21460
"Erie, PA Metro Area",263369.0,,866.0,,42812.0,,1868.0,,220557.0,,2009.0,,21500
"Escanaba, MI Micro Area",35663.0,,151.0,,4728.0,,557.0,,30935.0,,559.0,,21540
"Espa�ola, NM Micro Area",,,,,,,,,,,,,21580
"Eufaula, AL-GA Micro Area",25132.0,,307.0,,7114.0,,650.0,,18018.0,,733.0,,21640
"Eugene, OR Metro Area",361327.0,,567.0,,67022.0,,2539.0,,294305.0,,2706.0,,21660
"Eureka-Arcata-Fortuna, CA Micro Area",132483.0,,472.0,,26957.0,,2023.0,,105526.0,,1969.0,,21700
"Evanston, WY Micro Area",20397.0,,83.0,,2552.0,,655.0,,17845.0,,666.0,,21740
"Evansville, IN-KY Metro Area",305706.0,,632.0,,45800.0,,2477.0,,259906.0,,2562.0,,21780
"Fairbanks, AK Metro Area",95430.0,,410.0,,7749.0,,1175.0,,87681.0,,1235.0,,21820
"Fairfield, IA Micro Area",16901.0,,335.0,,2396.0,,498.0,,14505.0,,573.0,,21840
"Fairmont, MN Micro Area",19648.0,,125.0,,2614.0,,460.0,,17034.0,,449.0,,21860
"Fairmont, WV Micro Area",55110.0,,203.0,,9379.0,,754.0,,45731.0,,754.0,,21900
"Fallon, NV Micro Area",23483.0,,184.0,,3006.0,,519.0,,20477.0,,564.0,,21980
"Fargo, ND-MN Metro Area",228422.0,,433.0,,25007.0,,1900.0,,203415.0,,1990.0,,22020
"Faribault-Northfield, MN Micro Area",57628.0,,396.0,,6169.0,,762.0,,51459.0,,785.0,,22060
"Farmington, MO Micro Area",59379.0,,428.0,,9656.0,,1030.0,,49723.0,,1034.0,,22100
"Farmington, NM Metro Area",125375.0,,399.0,,26707.0,,1935.0,,98668.0,,1896.0,,22140
"Fayetteville, NC Metro Area",367979.0,,1408.0,,68443.0,,2601.0,,299536.0,,3179.0,,22180
"Fayetteville-Springdale-Rogers, AR-MO Metro Area",514951.0,,652.0,,69583.0,,2867.0,,445368.0,,2938.0,,22220
"Fitzgerald, GA Micro Area",16791.0,,152.0,,5304.0,,717.0,,11487.0,,713.0,,22340
"Fergus Falls, MN Micro Area",56976.0,,196.0,,5250.0,,517.0,,51726.0,,501.0,,22260
"Fernley, NV Micro Area",52888.0,,107.0,,6159.0,,942.0,,46729.0,,931.0,,22280
"Findlay, OH Micro Area",73543.0,,299.0,,8545.0,,988.0,,64998.0,,1017.0,,22300
"Flagstaff, AZ Metro Area",127640.0,,1425.0,,24168.0,,1673.0,,103472.0,,1439.0,,22380
"Flint, MI Metro Area",404588.0,,529.0,,80183.0,,2611.0,,324405.0,,2751.0,,22420
"Florence, SC Metro Area",200690.0,,517.0,,40409.0,,2335.0,,160281.0,,2231.0,,22500
"Florence-Muscle Shoals, AL Metro Area",144274.0,,349.0,,22488.0,,1591.0,,121786.0,,1621.0,,22520
"Fond du Lac, WI Metro Area",98994.0,,345.0,,8920.0,,1011.0,,90074.0,,1102.0,,22540
"Forest City, NC Micro Area",65306.0,,300.0,,11731.0,,1276.0,,53575.0,,1284.0,,22580
"Forrest City, AR Micro Area",22747.0,,296.0,,6052.0,,758.0,,16695.0,,782.0,,22620
"Fort Collins, CO Metro Area",328456.0,,695.0,,39489.0,,1728.0,,288967.0,,1782.0,,22660
"Fort Dodge, IA Micro Area",33910.0,,312.0,,5194.0,,569.0,,28716.0,,628.0,,22700
"Fort Leonard Wood, MO Micro Area",43211.0,,477.0,,6236.0,,1145.0,,36975.0,,1241.0,,22780
"Fort Madison-Keokuk, IA-IL-MO Micro Area",57888.0,,253.0,,8090.0,,729.0,,49798.0,,735.0,,22800
"Fort Morgan, CO Micro Area",27796.0,,178.0,,2787.0,,530.0,,25009.0,,546.0,,22820
"Fort Payne, AL Micro Area",70215.0,,221.0,,15500.0,,1423.0,,54715.0,,1434.0,,22840
"Fort Polk South, LA Micro Area",48645.0,,1415.0,,8344.0,,571.0,,40301.0,,1352.0,,22860
"Fort Smith, AR-OK Metro Area",276528.0,,480.0,,55212.0,,2248.0,,221316.0,,2306.0,,22900
"Fort Wayne, IN Metro Area",424141.0,,757.0,,57788.0,,2281.0,,366353.0,,2539.0,,23060
"Frankfort, IN Micro Area",31414.0,,244.0,,3930.0,,655.0,,27484.0,,697.0,,23140
"Frankfort, KY Micro Area",70532.0,,273.0,,9007.0,,1145.0,,61525.0,,1179.0,,23180
"Fredericksburg, TX Micro Area",25826.0,,137.0,,2946.0,,615.0,,22880.0,,624.0,,23240
"Freeport, IL Micro Area",44575.0,,199.0,,6435.0,,795.0,,38140.0,,803.0,,23300
"Fremont, NE Micro Area",35592.0,,188.0,,4862.0,,677.0,,30730.0,,729.0,,23340
"Fremont, OH Micro Area",58050.0,,319.0,,7872.0,,790.0,,50178.0,,826.0,,23380
"Fresno, CA Metro Area",961820.0,,833.0,,232067.0,,5770.0,,729753.0,,5773.0,,23420
"Gadsden, AL Metro Area",101536.0,,295.0,,17524.0,,1194.0,,84012.0,,1233.0,,23460
"Gaffney, SC Micro Area",55880.0,,187.0,,11431.0,,1011.0,,44449.0,,1037.0,,23500
"Gainesville, FL Metro Area",264334.0,,803.0,,56978.0,,2645.0,,207356.0,,2652.0,,23540
"Gainesville, GA Metro Area",193957.0,,294.0,,28319.0,,2141.0,,165638.0,,2086.0,,23580
"Gainesville, TX Micro Area",38751.0,,206.0,,5437.0,,772.0,,33314.0,,782.0,,23620
"Galesburg, IL Micro Area",46840.0,,355.0,,8498.0,,789.0,,38342.0,,742.0,,23660
"Gallup, NM Micro Area",72225.0,,176.0,,25986.0,,1448.0,,46239.0,,1419.0,,23700
"Garden City, KS Micro Area",40214.0,,142.0,,6133.0,,846.0,,34081.0,,843.0,,23780
"Gardnerville Ranchos, NV Micro Area",47526.0,,102.0,,4434.0,,771.0,,43092.0,,770.0,,23820
"Georgetown, SC Micro Area",60936.0,,170.0,,11160.0,,1540.0,,49776.0,,1545.0,,23860
"Gettysburg, PA Metro Area",97867.0,,394.0,,8597.0,,892.0,,89270.0,,962.0,,23900
"Gillette, WY Micro Area",46983.0,,216.0,,5203.0,,1158.0,,41780.0,,1201.0,,23940
"Glasgow, KY Micro Area",52533.0,,214.0,,12547.0,,1148.0,,39986.0,,1157.0,,23980
"Glens Falls, NY Metro Area",121990.0,,405.0,,13711.0,,1146.0,,108279.0,,1124.0,,24020
"Glenwood Springs, CO Micro Area",75375.0,,192.0,,5951.0,,788.0,,69424.0,,776.0,,24060
"Gloversville, NY Micro Area",52533.0,,229.0,,8119.0,,823.0,,44414.0,,880.0,,24100
"Goldsboro, NC Metro Area",120644.0,,481.0,,25847.0,,1810.0,,94797.0,,1743.0,,24140
"Grand Forks, ND-MN Metro Area",96454.0,,348.0,,15210.0,,1166.0,,81244.0,,1190.0,,24220
"Grand Island, NE Metro Area",83141.0,,278.0,,9731.0,,948.0,,73410.0,,936.0,,24260
"Grand Junction, CO Metro Area",146542.0,,406.0,,22978.0,,1860.0,,123564.0,,1887.0,,24300
"Grand Rapids, MN Micro Area",44164.0,,186.0,,5856.0,,563.0,,38308.0,,558.0,,24330
"Grand Rapids-Wyoming, MI Metro Area",1025604.0,,1123.0,,117665.0,,3597.0,,907939.0,,3723.0,,24340
"Grants, NM Micro Area",25490.0,,273.0,,6758.0,,714.0,,18732.0,,717.0,,24380
"Grants Pass, OR Metro Area",84411.0,,308.0,,15670.0,,1206.0,,68741.0,,1250.0,,24420
"Great Bend, KS Micro Area",26245.0,,152.0,,4395.0,,803.0,,21850.0,,847.0,,24460
"Great Falls, MT Metro Area",79553.0,,215.0,,10178.0,,902.0,,69375.0,,912.0,,24500
"Greeley, CO Metro Area",288048.0,,545.0,,30574.0,,2346.0,,257474.0,,2440.0,,24540
"Green Bay, WI Metro Area",309576.0,,587.0,,31231.0,,1768.0,,278345.0,,1839.0,,24580
"Greeneville, TN Micro Area",66458.0,,340.0,,11299.0,,1082.0,,55159.0,,1099.0,,24620
"Greenfield Town, MA Micro Area",69705.0,,181.0,,7226.0,,701.0,,62479.0,,724.0,,24640
"Greensboro-High Point, NC Metro Area",737440.0,,750.0,,119237.0,,3923.0,,618203.0,,4017.0,,24660
"Greensburg, IN Micro Area",26040.0,,207.0,,3302.0,,703.0,,22738.0,,717.0,,24700
"Greenville, MS Micro Area",46528.0,,140.0,,15496.0,,992.0,,31032.0,,991.0,,24740
"Greenville, NC Metro Area",170510.0,,440.0,,40737.0,,2281.0,,129773.0,,2328.0,,24780
"Greenville, OH Micro Area",50857.0,,273.0,,5124.0,,632.0,,45733.0,,669.0,,24820
"Greenville-Anderson-Mauldin, SC Metro Area",859318.0,,1043.0,,122649.0,,3505.0,,736669.0,,3604.0,,24860
"Greenwood, MS Micro Area",38408.0,,217.0,,12620.0,,979.0,,25788.0,,970.0,,24900
"Greenwood, SC Micro Area",91775.0,,375.0,,20680.0,,1720.0,,71095.0,,1806.0,,24940
"Grenada, MS Micro Area",20780.0,,176.0,,5090.0,,799.0,,15690.0,,795.0,,24980
"Guymon, OK Micro Area",20642.0,,130.0,,3640.0,,613.0,,17002.0,,621.0,,25100
"Hagerstown-Martinsburg, MD-WV Metro Area",253754.0,,486.0,,32272.0,,2525.0,,221482.0,,2554.0,,25180
"Hailey, ID Micro Area",28107.0,,123.0,,3991.0,,671.0,,24116.0,,698.0,,25200
"Hammond, LA Metro Area",126621.0,,460.0,,27849.0,,2019.0,,98772.0,,2144.0,,25220
"Hanford-Corcoran, CA Metro Area",134853.0,,714.0,,28084.0,,2187.0,,106769.0,,2273.0,,25260
"Hannibal, MO Micro Area",37265.0,,268.0,,6294.0,,761.0,,30971.0,,832.0,,25300
"Harrisburg-Carlisle, PA Metro Area",548969.0,,852.0,,55333.0,,1999.0,,493636.0,,1992.0,,25420
"Harrison, AR Micro Area",44427.0,,275.0,,6558.0,,922.0,,37869.0,,996.0,,25460
"Harrisonburg, VA Metro Area",123510.0,,591.0,,20354.0,,1218.0,,103156.0,,1312.0,,25500
"Hartford-West Hartford-East Hartford, CT Metro Area",1166504.0,,1133.0,,117362.0,,3577.0,,1049142.0,,3537.0,,25540
"Hastings, NE Micro Area",29904.0,,273.0,,3900.0,,533.0,,26004.0,,577.0,,25580
"Hattiesburg, MS Metro Area",144416.0,,462.0,,30253.0,,1766.0,,114163.0,,1854.0,,25620
"Hays, KS Micro Area",27667.0,,276.0,,4434.0,,645.0,,23233.0,,617.0,,25700
"Heber, UT Micro Area",30249.0,,153.0,,2167.0,,572.0,,28082.0,,542.0,,25720
"Helena, MT Micro Area",77167.0,,214.0,,8384.0,,925.0,,68783.0,,940.0,,25740
"Helena-West Helena, AR Micro Area",18837.0,,95.0,,6252.0,,665.0,,12585.0,,676.0,,25760
"Henderson, NC Micro Area",43700.0,,260.0,,10451.0,,1422.0,,33249.0,,1402.0,,25780
"Hereford, TX Micro Area",18631.0,,112.0,,3248.0,,664.0,,15383.0,,671.0,,25820
"Hermiston-Pendleton, OR Micro Area",83407.0,,267.0,,14812.0,,1460.0,,68595.0,,1476.0,,25840
"Hickory-Lenoir-Morganton, NC Metro Area",357274.0,,663.0,,54835.0,,2446.0,,302439.0,,2396.0,,25860
"Hillsdale, MI Micro Area",44153.0,,221.0,,7045.0,,667.0,,37108.0,,686.0,,25880
"Hilo, HI Micro Area",194566.0,,381.0,,32325.0,,2302.0,,162241.0,,2324.0,,25900
"Hilton Head Island-Bluffton-Beaufort, SC Metro Area",204748.0,,684.0,,25257.0,,1803.0,,179491.0,,1930.0,,25940
"Hinesville, GA Metro Area",77884.0,,360.0,,13630.0,,1420.0,,64254.0,,1430.0,,25980
"Guayama, PR Metro Area",74968.0,,322.0,,40224.0,,2013.0,,34744.0,,2015.0,,25020
"Hope, AR Micro Area",29952.0,,147.0,,7550.0,,975.0,,22402.0,,970.0,,26260
"Gulfport-Biloxi-Pascagoula, MS Metro Area",384116.0,,522.0,,70546.0,,3647.0,,313570.0,,3673.0,,25060
"Homosassa Springs, FL Metro Area",140408.0,,388.0,,23437.0,,1954.0,,116971.0,,1905.0,,26140
"Hood River, OR Micro Area",22873.0,,161.0,,2280.0,,596.0,,20593.0,,630.0,,26220
"Hot Springs, AR Metro Area",96502.0,,305.0,,17961.0,,1630.0,,78541.0,,1624.0,,26300
"Houghton, MI Micro Area",36014.0,,346.0,,7342.0,,681.0,,28672.0,,800.0,,26340
"Houma-Thibodaux, LA Metro Area",206356.0,,588.0,,38869.0,,2392.0,,167487.0,,2510.0,,26380
"Houston-The Woodlands-Sugar Land, TX Metro Area",6691923.0,,4732.0,,951877.0,,13046.0,,5740046.0,,14073.0,,26420
"Hudson, NY Micro Area",59130.0,,208.0,,7039.0,,697.0,,52091.0,,690.0,,26460
"Huntingdon, PA Micro Area",40003.0,,392.0,,5335.0,,541.0,,34668.0,,612.0,,26500
"Huntington, IN Micro Area",34789.0,,239.0,,3556.0,,518.0,,31233.0,,585.0,,26540
"Huntington-Ashland, WV-KY-OH Metro Area",349883.0,,598.0,,65492.0,,2459.0,,284391.0,,2456.0,,26580
"Huntsville, AL Metro Area",438330.0,,766.0,,58344.0,,2868.0,,379986.0,,3083.0,,26620
"Huntsville, TX Micro Area",67941.0,,1845.0,,15209.0,,1769.0,,52732.0,,2095.0,,26660
"Huron, SD Micro Area",18046.0,,105.0,,3263.0,,539.0,,14783.0,,533.0,,26700
"Hutchinson, KS Micro Area",60218.0,,296.0,,8021.0,,1155.0,,52197.0,,1129.0,,26740
"Hutchinson, MN Micro Area",35438.0,,131.0,,3138.0,,451.0,,32300.0,,479.0,,26780
"Idaho Falls, ID Metro Area",141453.0,,311.0,,16001.0,,1595.0,,125452.0,,1605.0,,26820
"Indiana, PA Micro Area",79739.0,,566.0,,13430.0,,836.0,,66309.0,,904.0,,26860
"Indianapolis-Carmel-Anderson, IN Metro Area",1964389.0,,1491.0,,259224.0,,6247.0,,1705165.0,,6361.0,,26900
"Indianola, MS Micro Area",22389.0,,333.0,,7047.0,,745.0,,15342.0,,778.0,,26940
"Ionia, MI Micro Area",60176.0,,394.0,,7681.0,,780.0,,52495.0,,861.0,,26960
"Iowa City, IA Metro Area",160615.0,,657.0,,26749.0,,1577.0,,133866.0,,1583.0,,26980
"Hobbs, NM Micro Area",67539.0,,299.0,,11203.0,,1255.0,,56336.0,,1302.0,,26020
"Holland, MI Micro Area",113955.0,,241.0,,11781.0,,1150.0,,102174.0,,1182.0,,26090
"Kendallville, IN Micro Area",46379.0,,204.0,,3461.0,,560.0,,42918.0,,609.0,,28340
"Kennett, MO Micro Area",29574.0,,178.0,,8001.0,,734.0,,21573.0,,747.0,,28380
"Kennewick-Richland, WA Metro Area",280474.0,,459.0,,38459.0,,2600.0,,242015.0,,2590.0,,28420
"Kerrville, TX Micro Area",49789.0,,246.0,,6601.0,,1081.0,,43188.0,,1078.0,,28500
"Ketchikan, AK Micro Area",13585.0,,87.0,,1433.0,,221.0,,12152.0,,236.0,,28540
"Key West, FL Micro Area",74863.0,,492.0,,8855.0,,964.0,,66008.0,,1062.0,,28580
"Kill Devil Hills, NC Micro Area",38962.0,,204.0,,3792.0,,579.0,,35170.0,,611.0,,28620
"Killeen-Temple, TX Metro Area",412451.0,,1454.0,,56397.0,,2806.0,,356054.0,,3193.0,,28660
"Kingsport-Bristol-Bristol, TN-VA Metro Area",299750.0,,644.0,,51738.0,,2705.0,,248012.0,,2912.0,,28700
"Kingston, NY Metro Area",171441.0,,566.0,,23840.0,,1614.0,,147601.0,,1657.0,,28740
"Kingsville, TX Micro Area",30152.0,,330.0,,7769.0,,1296.0,,22383.0,,1339.0,,28780
"Kinston, NC Micro Area",55958.0,,353.0,,12844.0,,1064.0,,43114.0,,1100.0,,28820
"Kirksville, MO Micro Area",26990.0,,282.0,,6660.0,,644.0,,20330.0,,665.0,,28860
"Klamath Falls, OR Micro Area",65300.0,,236.0,,13275.0,,1231.0,,52025.0,,1234.0,,28900
"Knoxville, TN Metro Area",848165.0,,849.0,,128564.0,,3718.0,,719601.0,,3971.0,,28940
"Kokomo, IN Metro Area",80959.0,,330.0,,12897.0,,1228.0,,68062.0,,1226.0,,29020
"Laconia, NH Micro Area",59706.0,,209.0,,5169.0,,769.0,,54537.0,,818.0,,29060
"La Crosse-Onalaska, WI-MN Metro Area",131097.0,,386.0,,16278.0,,1106.0,,114819.0,,1083.0,,29100
"Lafayette, LA Metro Area",480014.0,,778.0,,88704.0,,3574.0,,391310.0,,3731.0,,29180
"Lafayette-West Lafayette, IN Metro Area",201344.0,,1082.0,,39032.0,,2025.0,,162312.0,,2062.0,,29200
"La Grande, OR Micro Area",25274.0,,192.0,,4026.0,,470.0,,21248.0,,490.0,,29260
"LaGrange, GA Micro Area",67998.0,,310.0,,13932.0,,1551.0,,54066.0,,1517.0,,29300
"Lake Charles, LA Metro Area",203608.0,,438.0,,33898.0,,2256.0,,169710.0,,2309.0,,29340
"Lake City, FL Micro Area",64026.0,,374.0,,11115.0,,1219.0,,52911.0,,1235.0,,29380
"Lake Havasu City-Kingman, AZ Metro Area",201965.0,,711.0,,35296.0,,2160.0,,166669.0,,2260.0,,29420
"Lakeland-Winter Haven, FL Metro Area",655361.0,,774.0,,108755.0,,3766.0,,546606.0,,3859.0,,29460
"Lamesa, TX Micro Area",11066.0,,234.0,,2520.0,,586.0,,8546.0,,640.0,,29500
"Lancaster, PA Metro Area",525854.0,,949.0,,52452.0,,2802.0,,473402.0,,3079.0,,29540
"Lansing-East Lansing, MI Metro Area",455260.0,,651.0,,73238.0,,2386.0,,382022.0,,2445.0,,29620
"Laramie, WY Micro Area",35840.0,,177.0,,8114.0,,652.0,,27726.0,,628.0,,29660
"Laredo, TX Metro Area",268522.0,,478.0,,80742.0,,3449.0,,187780.0,,3548.0,,29700
"Las Cruces, NM Metro Area",209785.0,,666.0,,58023.0,,3671.0,,151762.0,,3745.0,,29740
"Las Vegas, NM Micro Area",26454.0,,288.0,,7319.0,,991.0,,19135.0,,1030.0,,29780
"Las Vegas-Henderson-Paradise, NV Metro Area",2114421.0,,1036.0,,299169.0,,6156.0,,1815252.0,,6166.0,,29820
"Laurel, MS Micro Area",83369.0,,221.0,,18131.0,,1501.0,,65238.0,,1456.0,,29860
"Laurinburg, NC Micro Area",32625.0,,288.0,,9030.0,,645.0,,23595.0,,729.0,,29900
"Lawrence, KS Metro Area",110955.0,,542.0,,20749.0,,1414.0,,90206.0,,1519.0,,29940
"Lawrenceburg, TN Micro Area",42298.0,,201.0,,8029.0,,1115.0,,34269.0,,1111.0,,29980
"Lawton, OK Metro Area",118330.0,,772.0,,18378.0,,1324.0,,99952.0,,1542.0,,30020
"Lebanon, MO Micro Area",35009.0,,178.0,,5241.0,,762.0,,29768.0,,745.0,,30060
"Lebanon, PA Metro Area",135004.0,,416.0,,14073.0,,1033.0,,120931.0,,1080.0,,30140
"Levelland, TX Micro Area",22325.0,,154.0,,3496.0,,520.0,,18829.0,,536.0,,30220
"Lewisburg, PA Micro Area",35945.0,,612.0,,4059.0,,754.0,,31886.0,,799.0,,30260
"Lewisburg, TN Micro Area",31775.0,,142.0,,4661.0,,684.0,,27114.0,,703.0,,30280
"Lewiston, ID-WA Metro Area",61044.0,,321.0,,8545.0,,888.0,,52499.0,,935.0,,30300
"Lewiston-Auburn, ME Metro Area",104175.0,,347.0,,13770.0,,1041.0,,90405.0,,1094.0,,30340
"Lewistown, PA Micro Area",45514.0,,232.0,,6574.0,,812.0,,38940.0,,828.0,,30380
"Lexington, NE Micro Area",25403.0,,130.0,,3179.0,,593.0,,22224.0,,610.0,,30420
"Lexington-Fayette, KY Metro Area",488797.0,,1263.0,,82125.0,,3403.0,,406672.0,,3348.0,,30460
"Liberal, KS Micro Area",22098.0,,166.0,,3687.0,,672.0,,18411.0,,689.0,,30580
"Lima, OH Metro Area",99786.0,,393.0,,14795.0,,1125.0,,84991.0,,1181.0,,30620
"Lincoln, IL Micro Area",25116.0,,405.0,,2143.0,,396.0,,22973.0,,504.0,,30660
"Lincoln, NE Metro Area",312331.0,,620.0,,40128.0,,2051.0,,272203.0,,2054.0,,30700
"Little Rock-North Little Rock-Conway, AR Metro Area",720489.0,,779.0,,108611.0,,3921.0,,611878.0,,3759.0,,30780
"Logansport, IN Micro Area",37007.0,,312.0,,5413.0,,717.0,,31594.0,,784.0,,30900
"Lock Haven, PA Micro Area",37248.0,,364.0,,6491.0,,708.0,,30757.0,,721.0,,30820
"Logan, UT-ID Metro Area",132684.0,,430.0,,19677.0,,1257.0,,113007.0,,1324.0,,30860
"Logan, WV Micro Area",33223.0,,226.0,,7732.0,,788.0,,25491.0,,789.0,,30880
"London, KY Micro Area",123824.0,,471.0,,33039.0,,1883.0,,90785.0,,1831.0,,30940
"Longview, TX Metro Area",208122.0,,572.0,,32569.0,,2369.0,,175553.0,,2441.0,,30980
"Longview, WA Metro Area",103570.0,,260.0,,16610.0,,1394.0,,86960.0,,1420.0,,31020
"Los Alamos, NM Micro Area",18266.0,,31.0,,959.0,,285.0,,17307.0,,287.0,,31060
"Los Angeles-Long Beach-Anaheim, CA Metro Area",13074811.0,,3062.0,,1949459.0,,17094.0,,11125352.0,,16961.0,,31080
"Louisville/Jefferson County, KY-IN Metro Area",1257603.0,,1912.0,,164616.0,,3947.0,,1092987.0,,4501.0,,31140
"Lubbock, TX Metro Area",300745.0,,1096.0,,57007.0,,2312.0,,243738.0,,2589.0,,31180
"Ludington, MI Micro Area",28486.0,,130.0,,4299.0,,509.0,,24187.0,,520.0,,31220
"Lufkin, TX Micro Area",84861.0,,359.0,,15533.0,,1602.0,,69328.0,,1641.0,,31260
"Lumberton, NC Micro Area",129821.0,,525.0,,36504.0,,1387.0,,93317.0,,1440.0,,31300
"Lynchburg, VA Metro Area",247899.0,,864.0,,35068.0,,1929.0,,212831.0,,2090.0,,31340
"Macomb, IL Micro Area",27248.0,,328.0,,5993.0,,633.0,,21255.0,,655.0,,31380
"Macon-Bibb County, GA Metro Area",221454.0,,570.0,,50053.0,,2646.0,,171401.0,,2704.0,,31420
"Madera, CA Metro Area",146576.0,,402.0,,30549.0,,2576.0,,116027.0,,2537.0,,31460
"Madison, IN Micro Area",29610.0,,345.0,,4410.0,,677.0,,25200.0,,715.0,,31500
"Madison, WI Metro Area",630881.0,,707.0,,70510.0,,2340.0,,560371.0,,2372.0,,31540
"Madisonville, KY Micro Area",44283.0,,286.0,,7936.0,,707.0,,36347.0,,752.0,,31580
"Magnolia, AR Micro Area",22080.0,,341.0,,5563.0,,752.0,,16517.0,,766.0,,31620
"Malone, NY Micro Area",45031.0,,348.0,,8195.0,,778.0,,36836.0,,808.0,,31660
"Malvern, AR Micro Area",31374.0,,231.0,,5518.0,,846.0,,25856.0,,872.0,,31680
"Manchester-Nashua, NH Metro Area",402633.0,,633.0,,32560.0,,1843.0,,370073.0,,1928.0,,31700
"Manhattan, KS Metro Area",88773.0,,675.0,,16411.0,,1206.0,,72362.0,,1077.0,,31740
"Manitowoc, WI Micro Area",78405.0,,203.0,,8303.0,,748.0,,70102.0,,797.0,,31820
"Mankato-North Mankato, MN Metro Area",94354.0,,448.0,,14385.0,,961.0,,79969.0,,983.0,,31860
"Mansfield, OH Metro Area",113502.0,,495.0,,16190.0,,1390.0,,97312.0,,1399.0,,31900
"Marietta, OH Micro Area",58912.0,,280.0,,8921.0,,837.0,,49991.0,,835.0,,31930
"Marinette, WI-MI Micro Area",62350.0,,272.0,,8154.0,,737.0,,54196.0,,807.0,,31940
"Marion, IN Micro Area",61611.0,,574.0,,11824.0,,995.0,,49787.0,,1046.0,,31980
"Marion, NC Micro Area",44037.0,,293.0,,7543.0,,1156.0,,36494.0,,1126.0,,32000
"Marion, OH Micro Area",59521.0,,472.0,,9504.0,,918.0,,50017.0,,1052.0,,32020
"Marquette, MI Micro Area",62637.0,,599.0,,10259.0,,761.0,,52378.0,,902.0,,32100
"Marshall, MN Micro Area",24594.0,,226.0,,3348.0,,419.0,,21246.0,,425.0,,32140
"Marshall, MO Micro Area",21772.0,,236.0,,3553.0,,548.0,,18219.0,,529.0,,32180
"Marshall, TX Micro Area",65126.0,,272.0,,10488.0,,1045.0,,54638.0,,1083.0,,32220
"Marshalltown, IA Micro Area",39018.0,,354.0,,4236.0,,622.0,,34782.0,,738.0,,32260
"Martin, TN Micro Area",30998.0,,436.0,,6253.0,,562.0,,24745.0,,607.0,,32280
"Martinsville, VA Micro Area",63462.0,,249.0,,13548.0,,1120.0,,49914.0,,1155.0,,32300
"Maryville, MO Micro Area",19462.0,,356.0,,4543.0,,526.0,,14919.0,,560.0,,32340
"Mason City, IA Micro Area",49269.0,,215.0,,5448.0,,564.0,,43821.0,,574.0,,32380
"Mayag�ez, PR Metro Area",92398.0,,426.0,,47136.0,,1785.0,,45262.0,,1817.0,,32420
"Mayfield, KY Micro Area",36623.0,,154.0,,6497.0,,994.0,,30126.0,,1028.0,,32460
"Maysville, KY Micro Area",16750.0,,187.0,,3024.0,,538.0,,13726.0,,536.0,,32500
"McAlester, OK Micro Area",42205.0,,227.0,,7357.0,,634.0,,34848.0,,714.0,,32540
"McAllen-Edinburg-Mission, TX Metro Area",839124.0,,603.0,,261968.0,,7397.0,,577156.0,,7467.0,,32580
"McComb, MS Micro Area",50886.0,,283.0,,16039.0,,1140.0,,34847.0,,1116.0,,32620
"McMinnville, TN Micro Area",39775.0,,220.0,,9103.0,,953.0,,30672.0,,989.0,,32660
"McPherson, KS Micro Area",27281.0,,243.0,,2712.0,,440.0,,24569.0,,478.0,,32700
"Meadville, PA Micro Area",82371.0,,305.0,,11577.0,,753.0,,70794.0,,749.0,,32740
"Medford, OR Metro Area",212018.0,,353.0,,34519.0,,2207.0,,177499.0,,2261.0,,32780
"Memphis, TN-MS-AR Metro Area",1319999.0,,1410.0,,245520.0,,6227.0,,1074479.0,,6180.0,,32820
"Menomonie, WI Micro Area",40777.0,,267.0,,5050.0,,444.0,,35727.0,,434.0,,32860
"Merced, CA Metro Area",262972.0,,687.0,,59660.0,,3189.0,,203312.0,,3345.0,,32900
"Meridian, MS Micro Area",98976.0,,442.0,,21960.0,,1649.0,,77016.0,,1681.0,,32940
"Merrill, WI Micro Area",27087.0,,178.0,,2474.0,,279.0,,24613.0,,319.0,,32980
"Mexico, MO Micro Area",23484.0,,277.0,,3589.0,,563.0,,19895.0,,665.0,,33020
"Miami, OK Micro Area",30477.0,,171.0,,6511.0,,335.0,,23966.0,,347.0,,33060
"Miami-Fort Lauderdale-West Palm Beach, FL Metro Area",5994946.0,,2610.0,,920733.0,,11625.0,,5074213.0,,11568.0,,33100
"Michigan City-La Porte, IN Metro Area",102082.0,,463.0,,16830.0,,1396.0,,85252.0,,1491.0,,33140
"Middlesborough, KY Micro Area",26313.0,,218.0,,9749.0,,872.0,,16564.0,,898.0,,33180
"Midland, MI Metro Area",82002.0,,222.0,,8847.0,,808.0,,73155.0,,821.0,,33220
"Midland, TX Metro Area",167853.0,,395.0,,15223.0,,2081.0,,152630.0,,2098.0,,33260
"Milledgeville, GA Micro Area",47291.0,,1079.0,,12264.0,,1241.0,,35027.0,,1337.0,,33300
"Milwaukee-Waukesha-West Allis, WI Metro Area",1546000.0,,1033.0,,215961.0,,4648.0,,1330039.0,,4585.0,,33340
"Mineral Wells, TX Micro Area",27930.0,,213.0,,4945.0,,768.0,,22985.0,,764.0,,33420
"Minneapolis-St. Paul-Bloomington, MN-WI Metro Area",3498431.0,,1462.0,,314597.0,,6636.0,,3183834.0,,6861.0,,33460
"Minot, ND Micro Area",75267.0,,282.0,,6683.0,,796.0,,68584.0,,811.0,,33500
"Missoula, MT Metro Area",112980.0,,322.0,,16787.0,,1211.0,,96193.0,,1251.0,,33540
"Mitchell, SD Micro Area",22383.0,,175.0,,2654.0,,614.0,,19729.0,,641.0,,33580
"Moberly, MO Micro Area",22696.0,,236.0,,3507.0,,434.0,,19189.0,,503.0,,33620
"Mobile, AL Metro Area",405635.0,,1311.0,,78208.0,,3342.0,,327427.0,,3305.0,,33660
"Modesto, CA Metro Area",534234.0,,485.0,,86066.0,,3959.0,,448168.0,,4027.0,,33700
"Monroe, LA Metro Area",170347.0,,1076.0,,39487.0,,1940.0,,130860.0,,2118.0,,33740
"Monroe, MI Metro Area",148215.0,,297.0,,15747.0,,1457.0,,132468.0,,1478.0,,33780
"Montgomery, AL Metro Area",361314.0,,784.0,,66183.0,,3051.0,,295131.0,,3155.0,,33860
"Montrose, CO Micro Area",40853.0,,171.0,,6812.0,,850.0,,34041.0,,879.0,,33940
"Morehead City, NC Micro Area",67559.0,,340.0,,7831.0,,788.0,,59728.0,,923.0,,33980
"Morgan City, LA Micro Area",50833.0,,187.0,,9647.0,,1184.0,,41186.0,,1215.0,,34020
"Morgantown, WV Metro Area",130068.0,,688.0,,25841.0,,1583.0,,104227.0,,1602.0,,34060
"Morristown, TN Metro Area",113158.0,,559.0,,19298.0,,1370.0,,93860.0,,1447.0,,34100
"Moscow, ID Micro Area",36010.0,,297.0,,7413.0,,731.0,,28597.0,,695.0,,34140
"Moses Lake, WA Micro Area",93954.0,,181.0,,13543.0,,1515.0,,80411.0,,1513.0,,34180
"Moultrie, GA Micro Area",44824.0,,318.0,,11318.0,,1122.0,,33506.0,,1166.0,,34220
"Mountain Home, AR Micro Area",40634.0,,213.0,,5676.0,,615.0,,34958.0,,669.0,,34260
"Mountain Home, ID Micro Area",25508.0,,182.0,,3513.0,,646.0,,21995.0,,699.0,,34300
"Mount Airy, NC Micro Area",71076.0,,243.0,,11978.0,,1055.0,,59098.0,,1044.0,,34340
"Mount Pleasant, MI Micro Area",64213.0,,343.0,,17034.0,,809.0,,47179.0,,793.0,,34380
"Mount Pleasant, TX Micro Area",32251.0,,193.0,,6162.0,,904.0,,26089.0,,886.0,,34420
"Mount Sterling, KY Micro Area",45758.0,,208.0,,9656.0,,861.0,,36102.0,,854.0,,34460
"Mount Vernon, IL Micro Area",35525.0,,253.0,,6523.0,,653.0,,29002.0,,661.0,,34500
"Murray, KY Micro Area",35029.0,,356.0,,8004.0,,959.0,,27025.0,,1008.0,,34660
"Mount Vernon, OH Micro Area",57764.0,,304.0,,8222.0,,1039.0,,49542.0,,1087.0,,34540
"Mount Vernon-Anacortes, WA Metro Area",122344.0,,280.0,,15606.0,,1322.0,,106738.0,,1233.0,,34580
"Muncie, IN Metro Area",108558.0,,472.0,,23360.0,,1283.0,,85198.0,,1207.0,,34620
"Muscatine, IA Micro Area",42130.0,,225.0,,4352.0,,718.0,,37778.0,,743.0,,34700
"Muskegon, MI Metro Area",165967.0,,567.0,,28384.0,,1435.0,,137583.0,,1457.0,,34740
"Muskogee, OK Micro Area",65034.0,,449.0,,13727.0,,1001.0,,51307.0,,982.0,,34780
"Myrtle Beach-Conway-North Myrtle Beach, SC-NC Metro Area",441673.0,,609.0,,67870.0,,3251.0,,373803.0,,3335.0,,34820
"Nacogdoches, TX Micro Area",60050.0,,424.0,,14631.0,,1155.0,,45419.0,,1215.0,,34860
"Napa, CA Metro Area",137164.0,,423.0,,11168.0,,1200.0,,125996.0,,1187.0,,34900
"Naples-Immokalee-Marco Island, FL Metro Area",360390.0,,596.0,,44308.0,,3057.0,,316082.0,,3088.0,,34940
"Nashville-Davidson--Murfreesboro--Franklin, TN Metro Area",1827288.0,,1418.0,,226647.0,,5825.0,,1600641.0,,5837.0,,34980
"Natchez, MS-LA Micro Area",46927.0,,389.0,,14874.0,,1230.0,,32053.0,,1264.0,,35020
"Natchitoches, LA Micro Area",38252.0,,181.0,,12830.0,,968.0,,25422.0,,930.0,,35060
"New Bern, NC Metro Area",119418.0,,787.0,,19137.0,,1684.0,,100281.0,,1759.0,,35100
"Newberry, SC Micro Area",36920.0,,241.0,,6917.0,,1029.0,,30003.0,,1034.0,,35140
"New Castle, IN Micro Area",44944.0,,286.0,,6902.0,,745.0,,38042.0,,853.0,,35220
"New Castle, PA Micro Area",85189.0,,255.0,,12017.0,,868.0,,73172.0,,837.0,,35260
"New Haven-Milford, CT Metro Area",832858.0,,924.0,,98855.0,,3436.0,,734003.0,,3678.0,,35300
"New Orleans-Metairie, LA Metro Area",1241244.0,,981.0,,217618.0,,5070.0,,1023626.0,,5047.0,,35380
"New Philadelphia-Dover, OH Micro Area",91069.0,,315.0,,11990.0,,1280.0,,79079.0,,1320.0,,35420
"Newport, OR Micro Area",47196.0,,183.0,,7874.0,,793.0,,39322.0,,814.0,,35440
"Newport, TN Micro Area",34957.0,,104.0,,8700.0,,1167.0,,26257.0,,1167.0,,35460
"Newton, IA Micro Area",35100.0,,250.0,,3442.0,,604.0,,31658.0,,645.0,,35500
"New Ulm, MN Micro Area",24071.0,,197.0,,1878.0,,327.0,,22193.0,,388.0,,35580
"New York-Newark-Jersey City, NY-NJ-PA Metro Area",19636774.0,,3632.0,,2626628.0,,21226.0,,17010146.0,,21062.0,,35620
"Niles-Benton Harbor, MI Metro Area",150936.0,,365.0,,24848.0,,1282.0,,126088.0,,1262.0,,35660
"Nogales, AZ Micro Area",46214.0,,124.0,,11080.0,,1300.0,,35134.0,,1291.0,,35700
"Norfolk, NE Micro Area",47027.0,,191.0,,6425.0,,676.0,,40602.0,,698.0,,35740
"North Platte, NE Micro Area",35803.0,,246.0,,4344.0,,580.0,,31459.0,,631.0,,35820
"North Port-Sarasota-Bradenton, FL Metro Area",776165.0,,604.0,,85289.0,,3448.0,,690876.0,,3621.0,,35840
"North Vernon, IN Micro Area",27386.0,,170.0,,4034.0,,723.0,,23352.0,,736.0,,35860
"North Wilkesboro, NC Micro Area",67389.0,,284.0,,13423.0,,1199.0,,53966.0,,1230.0,,35900
"Norwalk, OH Micro Area",57733.0,,252.0,,7845.0,,902.0,,49888.0,,972.0,,35940
"Norwich-New London, CT Metro Area",256892.0,,472.0,,26140.0,,1615.0,,230752.0,,1674.0,,35980
"Oak Harbor, WA Micro Area",79324.0,,367.0,,6810.0,,809.0,,72514.0,,871.0,,36020
"Ocala, FL Metro Area",338000.0,,847.0,,56264.0,,2987.0,,281736.0,,3052.0,,36100
"Ocean City, NJ Metro Area",91511.0,,456.0,,10140.0,,1110.0,,81371.0,,1160.0,,36140
"Odessa, TX Metro Area",156445.0,,379.0,,18481.0,,2038.0,,137964.0,,2045.0,,36220
"Ogden-Clearfield, UT Metro Area",647021.0,,547.0,,51732.0,,2892.0,,595289.0,,3001.0,,36260
"Ogdensburg-Massena, NY Micro Area",97507.0,,653.0,,17248.0,,1192.0,,80259.0,,1332.0,,36300
"Oil City, PA Micro Area",51214.0,,259.0,,7088.0,,595.0,,44126.0,,661.0,,36340
"Okeechobee, FL Micro Area",37407.0,,414.0,,8495.0,,999.0,,28912.0,,1003.0,,36380
"Oklahoma City, OK Metro Area",1335665.0,,1965.0,,192773.0,,4787.0,,1142892.0,,4820.0,,36420
"Olean, NY Micro Area",75149.0,,301.0,,12411.0,,788.0,,62738.0,,894.0,,36460
"Olympia-Tumwater, WA Metro Area",270989.0,,396.0,,29718.0,,1818.0,,241271.0,,1877.0,,36500
"Omaha-Council Bluffs, NE-IA Metro Area",904226.0,,882.0,,96212.0,,3432.0,,808014.0,,3432.0,,36540
"Oneonta, NY Micro Area",55111.0,,335.0,,8467.0,,720.0,,46644.0,,746.0,,36580
"Ontario, OR-ID Micro Area",49301.0,,303.0,,9209.0,,772.0,,40092.0,,816.0,,36620
"Opelousas, LA Micro Area",81932.0,,307.0,,23530.0,,1865.0,,58402.0,,1882.0,,36660
"Orangeburg, SC Micro Area",85572.0,,644.0,,20697.0,,1798.0,,64875.0,,1887.0,,36700
"Orlando-Kissimmee-Sanford, FL Metro Area",2406414.0,,2054.0,,354691.0,,8389.0,,2051723.0,,8136.0,,36740
"Oshkosh-Neenah, WI Metro Area",161777.0,,523.0,,19184.0,,1106.0,,142593.0,,1175.0,,36780
"Oskaloosa, IA Micro Area",21563.0,,149.0,,3110.0,,485.0,,18453.0,,479.0,,36820
"Othello, WA Micro Area",19182.0,,57.0,,4830.0,,778.0,,14352.0,,791.0,,36830
"Ottawa, KS Micro Area",24858.0,,207.0,,2564.0,,471.0,,22294.0,,529.0,,36840
"Ottawa-Peru, IL Micro Area",145559.0,,387.0,,19111.0,,1404.0,,126448.0,,1483.0,,36860
"Ottumwa, IA Micro Area",43271.0,,202.0,,6435.0,,773.0,,36836.0,,809.0,,36900
"Owatonna, MN Micro Area",36162.0,,119.0,,3646.0,,470.0,,32516.0,,461.0,,36940
"Owensboro, KY Metro Area",114910.0,,451.0,,18273.0,,1378.0,,96637.0,,1376.0,,36980
"Owosso, MI Micro Area",67529.0,,240.0,,7687.0,,712.0,,59842.0,,720.0,,37020
"Oxford, MS Micro Area",48368.0,,529.0,,11490.0,,1035.0,,36878.0,,1129.0,,37060
"Oxford, NC Micro Area",56091.0,,378.0,,7781.0,,933.0,,48310.0,,980.0,,37080
"Oxnard-Thousand Oaks-Ventura, CA Metro Area",836489.0,,891.0,,80058.0,,3605.0,,756431.0,,3701.0,,37100
"Ozark, AL Micro Area",47854.0,,222.0,,8798.0,,859.0,,39056.0,,860.0,,37120
"Paducah, KY-IL Micro Area",94804.0,,445.0,,15177.0,,1237.0,,79627.0,,1295.0,,37140
"Pahrump, NV Micro Area",43113.0,,223.0,,6967.0,,1095.0,,36146.0,,1132.0,,37220
"Palatka, FL Micro Area",71161.0,,319.0,,17653.0,,1452.0,,53508.0,,1418.0,,37260
"Palestine, TX Micro Area",44336.0,,452.0,,6565.0,,644.0,,37771.0,,795.0,,37300
"Palm Bay-Melbourne-Titusville, FL Metro Area",570141.0,,875.0,,72520.0,,3551.0,,497621.0,,3656.0,,37340
"Pampa, TX Micro Area",20969.0,,238.0,,3309.0,,584.0,,17660.0,,580.0,,37420
"Panama City, FL Metro Area",193570.0,,429.0,,28276.0,,2157.0,,165294.0,,2230.0,,37460
"Paragould, AR Micro Area",43781.0,,203.0,,7127.0,,967.0,,36654.0,,1003.0,,37500
"Paris, TN Micro Area",31747.0,,172.0,,6290.0,,771.0,,25457.0,,765.0,,37540
"Paris, TX Micro Area",48789.0,,185.0,,8685.0,,959.0,,40104.0,,998.0,,37580
"Parkersburg-Vienna, WV Metro Area",90276.0,,222.0,,15186.0,,1101.0,,75090.0,,1112.0,,37620
"Parsons, KS Micro Area",19898.0,,114.0,,3553.0,,472.0,,16345.0,,469.0,,37660
"Payson, AZ Micro Area",52501.0,,258.0,,11807.0,,1031.0,,40694.0,,1047.0,,37740
"Pecos, TX Micro Area",12821.0,,370.0,,1482.0,,461.0,,11339.0,,565.0,,37780
"Pella, IA Micro Area",31582.0,,267.0,,3068.0,,456.0,,28514.0,,478.0,,37800
"Pensacola-Ferry Pass-Brent, FL Metro Area",456979.0,,1260.0,,56899.0,,3749.0,,400080.0,,3736.0,,37860
"Peoria, IL Metro Area",364491.0,,843.0,,45220.0,,2318.0,,319271.0,,2281.0,,37900
"Peru, IN Micro Area",33521.0,,257.0,,5498.0,,687.0,,28023.0,,687.0,,37940
"Philadelphia-Camden-Wilmington, PA-NJ-DE-MD Metro Area",5920419.0,,3260.0,,748266.0,,11056.0,,5172153.0,,11317.0,,37980
"Phoenix-Mesa-Scottsdale, AZ Metro Area",4590678.0,,2819.0,,674355.0,,10211.0,,3916323.0,,10024.0,,38060
"Picayune, MS Micro Area",53522.0,,275.0,,8633.0,,1069.0,,44889.0,,1116.0,,38100
"Pierre, SD Micro Area",20685.0,,228.0,,2031.0,,461.0,,18654.0,,442.0,,38180
"Pine Bluff, AR Metro Area",81219.0,,964.0,,18120.0,,1272.0,,63099.0,,1559.0,,38220
"Pinehurst-Southern Pines, NC Micro Area",94456.0,,214.0,,11863.0,,1197.0,,82593.0,,1226.0,,38240
"Pittsburg, KS Micro Area",37115.0,,258.0,,7770.0,,795.0,,29345.0,,807.0,,38260
"Pittsburgh, PA Metro Area",2282044.0,,1392.0,,261619.0,,5048.0,,2020425.0,,5292.0,,38300
"Plattsburgh, NY Micro Area",73035.0,,480.0,,11182.0,,982.0,,61853.0,,1015.0,,38460
"Pittsfield, MA Metro Area",120939.0,,504.0,,13759.0,,1122.0,,107180.0,,1273.0,,38340
"Plainview, TX Micro Area",31716.0,,267.0,,5918.0,,821.0,,25798.0,,815.0,,38380
"Platteville, WI Micro Area",48101.0,,288.0,,7135.0,,669.0,,40966.0,,740.0,,38420
"Plymouth, IN Micro Area",45817.0,,161.0,,5232.0,,629.0,,40585.0,,655.0,,38500
"Pocatello, ID Metro Area",82867.0,,370.0,,14056.0,,1216.0,,68811.0,,1369.0,,38540
"Point Pleasant, WV-OH Micro Area",55493.0,,272.0,,11173.0,,1377.0,,44320.0,,1421.0,,38580
"Ponca City, OK Micro Area",44008.0,,218.0,,7695.0,,611.0,,36313.0,,635.0,,38620
"Ponce, PR Metro Area",303128.0,,387.0,,154934.0,,2892.0,,148194.0,,2927.0,,38660
"Pontiac, IL Micro Area",33902.0,,305.0,,4680.0,,535.0,,29222.0,,590.0,,38700
"Poplar Bluff, MO Micro Area",41761.0,,253.0,,9093.0,,1005.0,,32668.0,,1009.0,,38740
"Portales, NM Micro Area",17948.0,,199.0,,4601.0,,708.0,,13347.0,,715.0,,38780
"Port Angeles, WA Micro Area",73231.0,,272.0,,11635.0,,1047.0,,61596.0,,1126.0,,38820
"Port Clinton, OH Micro Area",40123.0,,182.0,,4181.0,,599.0,,35942.0,,599.0,,38840
"Portland-South Portland, ME Metro Area",517709.0,,755.0,,47778.0,,2304.0,,469931.0,,2489.0,,38860
"Portland-Vancouver-Hillsboro, OR-WA Metro Area",2384286.0,,1102.0,,272393.0,,6032.0,,2111893.0,,6405.0,,38900
"Port Lavaca, TX Micro Area",21501.0,,175.0,,3041.0,,653.0,,18460.0,,662.0,,38920
"Port St. Lucie, FL Metro Area",457219.0,,535.0,,61728.0,,3471.0,,395491.0,,3446.0,,38940
"Portsmouth, OH Micro Area",72649.0,,406.0,,17132.0,,1263.0,,55517.0,,1286.0,,39020
"Pottsville, PA Micro Area",136204.0,,425.0,,17294.0,,1199.0,,118910.0,,1193.0,,39060
"Prescott, AZ Metro Area",220076.0,,477.0,,30813.0,,2248.0,,189263.0,,2226.0,,39140
"Price, UT Micro Area",19967.0,,102.0,,3156.0,,489.0,,16811.0,,492.0,,39220
"Prineville, OR Micro Area",22176.0,,90.0,,3241.0,,628.0,,18935.0,,630.0,,39260
"Providence-Warwick, RI-MA Metro Area",1559612.0,,1035.0,,195494.0,,4877.0,,1364118.0,,5014.0,,39300
"Provo-Orem, UT Metro Area",586737.0,,728.0,,65739.0,,2801.0,,520998.0,,2836.0,,39340
"Pueblo, CO Metro Area",160305.0,,706.0,,30467.0,,1630.0,,129838.0,,1817.0,,39380
"Pullman, WA Micro Area",41670.0,,764.0,,11156.0,,800.0,,30514.0,,723.0,,39420
"Punta Gorda, FL Metro Area",173303.0,,327.0,,19252.0,,1926.0,,154051.0,,1902.0,,39460
"Quincy, IL-MO Micro Area",74120.0,,340.0,,9314.0,,797.0,,64806.0,,855.0,,39500
"Racine, WI Metro Area",190057.0,,572.0,,22913.0,,1413.0,,167144.0,,1441.0,,39540
"Raleigh, NC Metro Area",1276698.0,,959.0,,134183.0,,4293.0,,1142515.0,,4454.0,,39580
"Rapid City, SD Metro Area",141370.0,,356.0,,17281.0,,1326.0,,124089.0,,1337.0,,39660
"Raymondville, TX Micro Area",20179.0,,367.0,,6657.0,,772.0,,13522.0,,857.0,,39700
"Reading, PA Metro Area",403561.0,,868.0,,51733.0,,2042.0,,351828.0,,2315.0,,39740
"Red Bluff, CA Micro Area",62534.0,,307.0,,13464.0,,1495.0,,49070.0,,1482.0,,39780
"Redding, CA Metro Area",176198.0,,406.0,,30186.0,,1906.0,,146012.0,,1929.0,,39820
"Red Wing, MN Micro Area",45340.0,,115.0,,4483.0,,653.0,,40857.0,,633.0,,39860
"Reno, NV Metro Area",449044.0,,419.0,,54483.0,,2582.0,,394561.0,,2604.0,,39900
"Rexburg, ID Micro Area",50492.0,,246.0,,13203.0,,1179.0,,37289.0,,1189.0,,39940
"Richmond, IN Micro Area",63818.0,,388.0,,10422.0,,1083.0,,53396.0,,1165.0,,39980
"Richmond, VA Metro Area",1245709.0,,1680.0,,147220.0,,4723.0,,1098489.0,,4829.0,,40060
"Richmond-Berea, KY Micro Area",99691.0,,550.0,,19303.0,,1361.0,,80388.0,,1475.0,,40080
"Rio Grande City, TX Micro Area",63234.0,,171.0,,22336.0,,1867.0,,40898.0,,1889.0,,40100
"Riverside-San Bernardino-Ontario, CA Metro Area",4422832.0,,4725.0,,704804.0,,10676.0,,3718028.0,,11614.0,,40140
"Riverton, WY Micro Area",39075.0,,186.0,,5352.0,,532.0,,33723.0,,542.0,,40180
"Roanoke, VA Metro Area",304352.0,,641.0,,40899.0,,2297.0,,263453.0,,2237.0,,40220
"Roanoke Rapids, NC Micro Area",69601.0,,362.0,,16900.0,,1210.0,,52701.0,,1268.0,,40260
"Rochelle, IL Micro Area",50482.0,,185.0,,4998.0,,669.0,,45484.0,,674.0,,40300
"Rochester, MN Metro Area",213073.0,,347.0,,18129.0,,1060.0,,194944.0,,1075.0,,40340
"Rochester, NY Metro Area",1035583.0,,1108.0,,142513.0,,3888.0,,893070.0,,4126.0,,40380
"Rockford, IL Metro Area",334071.0,,739.0,,49775.0,,2267.0,,284296.0,,2191.0,,40420
"Rockingham, NC Micro Area",43638.0,,277.0,,10503.0,,1065.0,,33135.0,,1073.0,,40460
"Rock Springs, WY Micro Area",43529.0,,139.0,,5237.0,,884.0,,38292.0,,889.0,,40540
"Rocky Mount, NC Metro Area",144543.0,,425.0,,26692.0,,1809.0,,117851.0,,1795.0,,40580
"Rolla, MO Micro Area",41658.0,,457.0,,9293.0,,917.0,,32365.0,,948.0,,40620
"Rome, GA Metro Area",92699.0,,391.0,,17670.0,,1711.0,,75029.0,,1688.0,,40660
"Roseburg, OR Micro Area",106915.0,,281.0,,17353.0,,1505.0,,89562.0,,1536.0,,40700
"Roswell, NM Micro Area",63555.0,,296.0,,13111.0,,1381.0,,50444.0,,1414.0,,40740
"Ruidoso, NM Micro Area",19294.0,,76.0,,3134.0,,721.0,,16160.0,,730.0,,40760
"Russellville, AR Micro Area",81383.0,,439.0,,14592.0,,1262.0,,66791.0,,1313.0,,40780
"Ruston, LA Micro Area",44169.0,,342.0,,13118.0,,1012.0,,31051.0,,973.0,,40820
"Rutland, VT Micro Area",57156.0,,264.0,,6100.0,,656.0,,51056.0,,691.0,,40860
"Sacramento--Roseville--Arden-Arcade, CA Metro Area",2258225.0,,2009.0,,323395.0,,7393.0,,1934830.0,,7046.0,,40900
"Safford, AZ Micro Area",33458.0,,614.0,,7122.0,,855.0,,26336.0,,903.0,,40940
"Saginaw, MI Metro Area",186434.0,,481.0,,32975.0,,1542.0,,153459.0,,1688.0,,40980
"St. Cloud, MN Metro Area",188703.0,,424.0,,24459.0,,1267.0,,164244.0,,1382.0,,41060
"St. George, UT Metro Area",158546.0,,321.0,,19719.0,,1824.0,,138827.0,,1822.0,,41100
"St. Joseph, MO-KS Metro Area",118203.0,,593.0,,18393.0,,1272.0,,99810.0,,1365.0,,41140
"St. Louis, MO-IL Metro Area",2746035.0,,2879.0,,327664.0,,6424.0,,2418371.0,,6973.0,,41180
"St. Marys, GA Micro Area",50749.0,,297.0,,6546.0,,979.0,,44203.0,,1029.0,,41220
"St. Marys, PA Micro Area",30141.0,,102.0,,2962.0,,435.0,,27179.0,,454.0,,41260
"Salem, OH Micro Area",100118.0,,340.0,,14639.0,,1152.0,,85479.0,,1183.0,,41400
"Salem, OR Metro Area",405687.0,,833.0,,60674.0,,2889.0,,345013.0,,2970.0,,41420
"Salina, KS Micro Area",59315.0,,282.0,,7159.0,,778.0,,52156.0,,841.0,,41460
"Salinas, CA Metro Area",416002.0,,1519.0,,58699.0,,2821.0,,357303.0,,3138.0,,41500
"Salisbury, MD-DE Metro Area",384934.0,,927.0,,48982.0,,2257.0,,335952.0,,2357.0,,41540
"Salt Lake City, UT Metro Area",1170958.0,,975.0,,112241.0,,4569.0,,1058717.0,,4749.0,,41620
"San Angelo, TX Metro Area",113172.0,,716.0,,15330.0,,1465.0,,97842.0,,1477.0,,41660
"San Antonio-New Braunfels, TX Metro Area",2384874.0,,1647.0,,355670.0,,7771.0,,2029204.0,,7791.0,,41700
"San Diego-Carlsbad, CA Metro Area",3221497.0,,2589.0,,403190.0,,7611.0,,2818307.0,,8235.0,,41740
"Sandpoint, ID Micro Area",42105.0,,302.0,,6200.0,,910.0,,35905.0,,978.0,,41760
"Sandusky, OH Micro Area",73963.0,,203.0,,8858.0,,980.0,,65105.0,,1007.0,,41780
"Sanford, NC Micro Area",59157.0,,236.0,,9538.0,,993.0,,49619.0,,1070.0,,41820
"San Francisco-Oakland-Hayward, CA Metro Area",4611399.0,,1795.0,,439134.0,,7333.0,,4172265.0,,7879.0,,41860
"San Germ�n, PR Metro Area",126366.0,,502.0,,67446.0,,2640.0,,58920.0,,2706.0,,41900
"San Jose-Sunnyvale-Santa Clara, CA Metro Area",1951071.0,,1269.0,,155309.0,,4742.0,,1795762.0,,4845.0,,41940
"San Juan-Carolina-Caguas, PR Metro Area",2124679.0,,998.0,,860144.0,,8950.0,,1264535.0,,9029.0,,41980
"Searcy, AR Micro Area",74754.0,,460.0,,12701.0,,1339.0,,62053.0,,1470.0,,42620
"Seattle-Tacoma-Bellevue, WA Metro Area",3753321.0,,1526.0,,360506.0,,6223.0,,3392815.0,,6262.0,,42660
"Sebastian-Vero Beach, FL Metro Area",149408.0,,267.0,,18162.0,,1751.0,,131246.0,,1789.0,,42680
"Sebring, FL Metro Area",100625.0,,295.0,,19331.0,,1710.0,,81294.0,,1695.0,,42700
"Sedalia, MO Micro Area",41398.0,,281.0,,7114.0,,887.0,,34284.0,,920.0,,42740
"Seneca Falls, NY Micro Area",31604.0,,524.0,,3924.0,,442.0,,27680.0,,598.0,,42900
"Selinsgrove, PA Micro Area",38139.0,,289.0,,4046.0,,504.0,,34093.0,,582.0,,42780
"Selma, AL Micro Area",39394.0,,174.0,,12247.0,,936.0,,27147.0,,939.0,,42820
"Seneca, SC Micro Area",75905.0,,175.0,,13928.0,,1220.0,,61977.0,,1241.0,,42860
"Sevierville, TN Micro Area",94990.0,,284.0,,14281.0,,1414.0,,80709.0,,1458.0,,42940
"Seymour, IN Micro Area",42843.0,,284.0,,6890.0,,998.0,,35953.0,,1059.0,,42980
"San Luis Obispo-Paso Robles-Arroyo Grande, CA Metro Area",265343.0,,941.0,,35303.0,,1956.0,,230040.0,,1964.0,,42020
"Santa Cruz-Watsonville, CA Metro Area",262312.0,,603.0,,37429.0,,2518.0,,224883.0,,2608.0,,42100
"Santa Fe, NM Metro Area",146392.0,,276.0,,18675.0,,1438.0,,127717.0,,1515.0,,42140
"Santa Isabel, PR Micro Area",22066.0,,25.0,,10392.0,,1087.0,,11674.0,,1087.0,,42180
"Santa Maria-Santa Barbara, CA Metro Area",424510.0,,1047.0,,63010.0,,3084.0,,361500.0,,2904.0,,42200
"Santa Rosa, CA Metro Area",494493.0,,598.0,,50714.0,,2710.0,,443779.0,,2724.0,,42220
"Sault Ste. Marie, MI Micro Area",33902.0,,532.0,,6267.0,,635.0,,27635.0,,708.0,,42300
"Savannah, GA Metro Area",367843.0,,743.0,,53180.0,,2539.0,,314663.0,,2664.0,,42340
"Sayre, PA Micro Area",60418.0,,189.0,,7257.0,,728.0,,53161.0,,704.0,,42380
"Scottsbluff, NE Micro Area",37239.0,,249.0,,4933.0,,641.0,,32306.0,,676.0,,42420
"Scottsboro, AL Micro Area",51548.0,,137.0,,10418.0,,1277.0,,41130.0,,1275.0,,42460
"Scranton--Wilkes-Barre--Hazleton, PA Metro Area",536323.0,,730.0,,79067.0,,2881.0,,457256.0,,2980.0,,42540
"Shawano, WI Micro Area",44662.0,,127.0,,5545.0,,471.0,,39117.0,,505.0,,43020
"Shawnee, OK Micro Area",68877.0,,271.0,,11259.0,,781.0,,57618.0,,804.0,,43060
"Sheboygan, WI Metro Area",111999.0,,273.0,,8540.0,,837.0,,103459.0,,839.0,,43100
"Shelby, NC Micro Area",95262.0,,301.0,,19262.0,,1609.0,,76000.0,,1557.0,,43140
"Shelbyville, TN Micro Area",46928.0,,195.0,,7420.0,,943.0,,39508.0,,957.0,,43180
"Shelton, WA Micro Area",61286.0,,269.0,,9201.0,,1052.0,,52085.0,,1087.0,,43220
"Sheridan, WY Micro Area",29156.0,,143.0,,1797.0,,371.0,,27359.0,,385.0,,43260
"Sherman-Denison, TX Metro Area",125771.0,,355.0,,17383.0,,1450.0,,108388.0,,1486.0,,43300
"Show Low, AZ Micro Area",105735.0,,306.0,,30163.0,,1500.0,,75572.0,,1540.0,,43320
"Shreveport-Bossier City, LA Metro Area",431866.0,,1209.0,,93776.0,,4383.0,,338090.0,,4444.0,,43340
"Sidney, OH Micro Area",48148.0,,203.0,,4384.0,,632.0,,43764.0,,701.0,,43380
"Sierra Vista-Douglas, AZ Metro Area",117265.0,,998.0,,20192.0,,1458.0,,97073.0,,1760.0,,43420
"Sikeston, MO Micro Area",37904.0,,188.0,,7844.0,,798.0,,30060.0,,776.0,,43460
"Silver City, NM Micro Area",27404.0,,111.0,,5970.0,,831.0,,21434.0,,830.0,,43500
"Sioux City, IA-NE-SD Metro Area",164771.0,,436.0,,20426.0,,1550.0,,144345.0,,1532.0,,43580
"Sioux Falls, SD Metro Area",249246.0,,602.0,,22927.0,,1410.0,,226319.0,,1419.0,,43620
"Snyder, TX Micro Area",15401.0,,196.0,,2149.0,,641.0,,13252.0,,647.0,,43660
"Somerset, KY Micro Area",62931.0,,224.0,,14859.0,,1514.0,,48072.0,,1505.0,,43700
"Somerset, PA Micro Area",69779.0,,360.0,,8681.0,,639.0,,61098.0,,665.0,,43740
"Sonora, CA Micro Area",50556.0,,343.0,,6715.0,,828.0,,43841.0,,918.0,,43760
"South Bend-Mishawaka, IN-MI Metro Area",308405.0,,854.0,,46649.0,,2115.0,,261756.0,,2413.0,,43780
"Spartanburg, SC Metro Area",320940.0,,470.0,,49309.0,,2653.0,,271631.0,,2682.0,,43900
"Spearfish, SD Micro Area",24250.0,,191.0,,2872.0,,520.0,,21378.0,,570.0,,43940
"Spencer, IA Micro Area",15958.0,,119.0,,1930.0,,462.0,,14028.0,,500.0,,43980
"Spirit Lake, IA Micro Area",16785.0,,90.0,,1341.0,,301.0,,15444.0,,322.0,,44020
"Spokane-Spokane Valley, WA Metro Area",540330.0,,632.0,,78568.0,,3155.0,,461762.0,,3057.0,,44060
"Springfield, IL Metro Area",205634.0,,393.0,,30594.0,,1632.0,,175040.0,,1698.0,,44100
"Springfield, MA Metro Area",592909.0,,1027.0,,96179.0,,3011.0,,496730.0,,3014.0,,44140
"Springfield, MO Metro Area",443161.0,,916.0,,71009.0,,2739.0,,372152.0,,2910.0,,44180
"Springfield, OH Metro Area",131773.0,,427.0,,20775.0,,1471.0,,110998.0,,1522.0,,44220
"Starkville, MS Micro Area",44274.0,,410.0,,13304.0,,1060.0,,30970.0,,1053.0,,44260
"State College, PA Metro Area",143192.0,,723.0,,26301.0,,1365.0,,116891.0,,1394.0,,44300
"Statesboro, GA Micro Area",66548.0,,828.0,,19079.0,,1533.0,,47469.0,,1409.0,,44340
"Staunton-Waynesboro, VA Metro Area",115652.0,,697.0,,13463.0,,1481.0,,102189.0,,1695.0,,44420
"Steamboat Springs, CO Micro Area",24578.0,,153.0,,2640.0,,483.0,,21938.0,,507.0,,44460
"Stephenville, TX Micro Area",39348.0,,448.0,,8359.0,,1431.0,,30989.0,,1356.0,,44500
"Sterling, CO Micro Area",20756.0,,215.0,,3117.0,,538.0,,17639.0,,576.0,,44540
"Sterling, IL Micro Area",55287.0,,224.0,,5862.0,,741.0,,49425.0,,715.0,,44580
"Stevens Point, WI Micro Area",67250.0,,286.0,,8427.0,,600.0,,58823.0,,624.0,,44620
"Stillwater, OK Micro Area",73531.0,,610.0,,19412.0,,1372.0,,54119.0,,1391.0,,44660
"Stockton-Lodi, CA Metro Area",717960.0,,1047.0,,114294.0,,3941.0,,603666.0,,3824.0,,44700
"Storm Lake, IA Micro Area",19217.0,,172.0,,2507.0,,448.0,,16710.0,,483.0,,44740
"Sturgis, MI Micro Area",59822.0,,198.0,,9347.0,,762.0,,50475.0,,792.0,,44780
"Sulphur Springs, TX Micro Area",35640.0,,192.0,,6019.0,,714.0,,29621.0,,730.0,,44860
"Summerville, GA Micro Area",22803.0,,338.0,,4533.0,,650.0,,18270.0,,706.0,,44900
"Summit Park, UT Micro Area",40346.0,,61.0,,2624.0,,446.0,,37722.0,,442.0,,44920
"Sumter, SC Metro Area",104409.0,,588.0,,21177.0,,1706.0,,83232.0,,1775.0,,44940
"Sunbury, PA Micro Area",88097.0,,515.0,,12283.0,,1058.0,,75814.0,,1057.0,,44980
"Susanville, CA Micro Area",21230.0,,520.0,,2933.0,,438.0,,18297.0,,588.0,,45000
"Sweetwater, TX Micro Area",14659.0,,182.0,,2220.0,,414.0,,12439.0,,431.0,,45020
"Syracuse, NY Metro Area",625030.0,,1192.0,,92084.0,,2729.0,,532946.0,,2726.0,,45060
"Tahlequah, OK Micro Area",46889.0,,211.0,,9792.0,,939.0,,37097.0,,971.0,,45140
"Talladega-Sylacauga, AL Micro Area",87656.0,,362.0,,16860.0,,1447.0,,70796.0,,1510.0,,45180
"Tallahassee, FL Metro Area",358370.0,,886.0,,71520.0,,2459.0,,286850.0,,2692.0,,45220
"Tampa-St. Petersburg-Clearwater, FL Metro Area",2983918.0,,1490.0,,424322.0,,6545.0,,2559596.0,,6853.0,,45300
"Taos, NM Micro Area",32696.0,,99.0,,6346.0,,889.0,,26350.0,,909.0,,45340
"Taylorville, IL Micro Area",31464.0,,154.0,,4078.0,,531.0,,27386.0,,539.0,,45380
"Terre Haute, IN Metro Area",158548.0,,869.0,,26906.0,,1534.0,,131642.0,,1574.0,,45460
"Texarkana, TX-AR Metro Area",142771.0,,533.0,,26056.0,,1770.0,,116715.0,,1807.0,,45500
"The Dalles, OR Micro Area",25398.0,,174.0,,3392.0,,542.0,,22006.0,,550.0,,45520
"The Villages, FL Metro Area",111523.0,,599.0,,9839.0,,1157.0,,101684.0,,1319.0,,45540
"Thomaston, GA Micro Area",25599.0,,194.0,,5702.0,,855.0,,19897.0,,839.0,,45580
"Thomasville, GA Micro Area",43838.0,,233.0,,9135.0,,1103.0,,34703.0,,1176.0,,45620
"Tiffin, OH Micro Area",52243.0,,324.0,,7680.0,,864.0,,44563.0,,837.0,,45660
"Tifton, GA Micro Area",38528.0,,273.0,,9516.0,,1086.0,,29012.0,,1032.0,,45700
"Toccoa, GA Micro Area",24786.0,,254.0,,4007.0,,843.0,,20779.0,,816.0,,45740
"Toledo, OH Metro Area",587198.0,,1068.0,,100970.0,,2644.0,,486228.0,,2769.0,,45780
"Topeka, KS Metro Area",227706.0,,443.0,,27391.0,,1721.0,,200315.0,,1783.0,,45820
"Torrington, CT Micro Area",180907.0,,308.0,,12650.0,,1105.0,,168257.0,,1113.0,,45860
"Traverse City, MI Micro Area",145596.0,,387.0,,14961.0,,1035.0,,130635.0,,1038.0,,45900
"Trenton, NJ Metro Area",352651.0,,820.0,,40026.0,,2479.0,,312625.0,,2531.0,,45940
"Troy, AL Micro Area",31488.0,,711.0,,8374.0,,1023.0,,23114.0,,953.0,,45980
"Truckee-Grass Valley, CA Micro Area",98014.0,,296.0,,11169.0,,1187.0,,86845.0,,1197.0,,46020
"Tucson, AZ Metro Area",991092.0,,1236.0,,176222.0,,4862.0,,814870.0,,5031.0,,46060
"Tuscaloosa, AL Metro Area",229139.0,,650.0,,42297.0,,2410.0,,186842.0,,2429.0,,46220
"Tullahoma-Manchester, TN Micro Area",99616.0,,338.0,,13957.0,,1212.0,,85659.0,,1322.0,,46100
"Tulsa, OK Metro Area",968501.0,,862.0,,140823.0,,2581.0,,827678.0,,2638.0,,46140
"Tupelo, MS Micro Area",137046.0,,310.0,,22653.0,,1725.0,,114393.0,,1686.0,,46180
"Tyler, TX Metro Area",219948.0,,524.0,,36119.0,,2752.0,,183829.0,,2915.0,,46340
"Ukiah, CA Micro Area",85862.0,,266.0,,15877.0,,1427.0,,69985.0,,1449.0,,46380
"Union City, TN-KY Micro Area",35817.0,,214.0,,8537.0,,732.0,,27280.0,,721.0,,46460
"Urbana, OH Micro Area",37883.0,,158.0,,4180.0,,685.0,,33703.0,,699.0,,46500
"Urban Honolulu, HI Metro Area",955689.0,,727.0,,83359.0,,2664.0,,872330.0,,2783.0,,46520
"Utica-Rome, NY Metro Area",279981.0,,778.0,,44222.0,,1906.0,,235759.0,,2026.0,,46540
"Uvalde, TX Micro Area",26518.0,,185.0,,4517.0,,861.0,,22001.0,,872.0,,46620
"Valdosta, GA Metro Area",139954.0,,565.0,,35454.0,,2243.0,,104500.0,,2290.0,,46660
"Vallejo-Fairfield, CA Metro Area",428057.0,,518.0,,44427.0,,2429.0,,383630.0,,2471.0,,46700
"Valley, AL Micro Area",33274.0,,176.0,,5531.0,,682.0,,27743.0,,740.0,,46740
"Van Wert, OH Micro Area",27856.0,,173.0,,3100.0,,514.0,,24756.0,,522.0,,46780
"Vermillion, SD Micro Area",11775.0,,213.0,,2974.0,,311.0,,8801.0,,349.0,,46820
"Vernal, UT Micro Area",35850.0,,171.0,,4279.0,,785.0,,31571.0,,796.0,,46860
"Vernon, TX Micro Area",12543.0,,107.0,,2199.0,,511.0,,10344.0,,549.0,,46900
"Vicksburg, MS Micro Area",54933.0,,378.0,,13292.0,,1147.0,,41641.0,,1198.0,,46980
"Twin Falls, ID Metro Area",105365.0,,442.0,,16308.0,,1689.0,,89057.0,,1781.0,,46300
"Virginia Beach-Norfolk-Newport News, VA-NC Metro Area",1652228.0,,1585.0,,193120.0,,6014.0,,1459108.0,,5870.0,,47260
"Visalia-Porterville, CA Metro Area",454844.0,,504.0,,115786.0,,5063.0,,339058.0,,5006.0,,47300
"Wabash, IN Micro Area",29712.0,,262.0,,3773.0,,627.0,,25939.0,,672.0,,47340
"Waco, TX Metro Area",254281.0,,687.0,,49919.0,,2263.0,,204362.0,,2258.0,,47380
"Wahpeton, ND-MN Micro Area",21301.0,,213.0,,1999.0,,279.0,,19302.0,,278.0,,47420
"Walla Walla, WA Metro Area",59065.0,,351.0,,8051.0,,865.0,,51014.0,,939.0,,47460
"Wapakoneta, OH Micro Area",44997.0,,234.0,,3906.0,,573.0,,41091.0,,608.0,,47540
"Warner Robins, GA Metro Area",184304.0,,884.0,,31316.0,,2516.0,,152988.0,,2511.0,,47580
"Warren, PA Micro Area",39154.0,,217.0,,4975.0,,435.0,,34179.0,,531.0,,47620
"Warrensburg, MO Micro Area",48933.0,,599.0,,7536.0,,891.0,,41397.0,,993.0,,47660
"Warsaw, IN Micro Area",76965.0,,279.0,,7913.0,,944.0,,69052.0,,951.0,,47700
"Washington, IN Micro Area",32420.0,,137.0,,4110.0,,656.0,,28310.0,,689.0,,47780
"Washington, NC Micro Area",46721.0,,145.0,,8966.0,,1203.0,,37755.0,,1240.0,,47820
"Washington-Arlington-Alexandria, DC-VA-MD-WV Metro Area",6032479.0,,2288.0,,485499.0,,7990.0,,5546980.0,,8744.0,,47900
"Washington Court House, OH Micro Area",28034.0,,242.0,,4764.0,,606.0,,23270.0,,696.0,,47920
"Waterloo-Cedar Falls, IA Metro Area",162999.0,,449.0,,23113.0,,1509.0,,139886.0,,1520.0,,47940
"Watertown, SD Micro Area",27588.0,,134.0,,3415.0,,525.0,,24173.0,,538.0,,47980
"Victoria, TX Metro Area",97774.0,,390.0,,15004.0,,1372.0,,82770.0,,1427.0,,47020
"Vidalia, GA Micro Area",34892.0,,211.0,,8025.0,,1016.0,,26867.0,,1018.0,,47080
"Vincennes, IN Micro Area",34977.0,,307.0,,6009.0,,708.0,,28968.0,,710.0,,47180
"Vineland-Bridgeton, NJ Metro Area",141164.0,,1034.0,,24830.0,,2028.0,,116334.0,,2243.0,,47220
"Vineyard Haven, MA Micro Area",17170.0,,33.0,,1368.0,,506.0,,15802.0,,509.0,,47240
"Watertown-Fort Atkinson, WI Micro Area",81373.0,,252.0,,7282.0,,808.0,,74091.0,,866.0,,48020
"Watertown-Fort Drum, NY Metro Area",107875.0,,578.0,,15365.0,,1446.0,,92510.0,,1492.0,,48060
"Wauchula, FL Micro Area",25381.0,,173.0,,6775.0,,1021.0,,18606.0,,1045.0,,48100
"Wausau, WI Metro Area",133271.0,,347.0,,12468.0,,1010.0,,120803.0,,994.0,,48140
"Waycross, GA Micro Area",51980.0,,284.0,,11948.0,,1252.0,,40032.0,,1233.0,,48180
"Weatherford, OK Micro Area",27616.0,,265.0,,4864.0,,730.0,,22752.0,,771.0,,48220
"Weirton-Steubenville, WV-OH Metro Area",115450.0,,392.0,,18424.0,,1383.0,,97026.0,,1448.0,,48260
"Wenatchee, WA Metro Area",115873.0,,319.0,,14154.0,,1412.0,,101719.0,,1474.0,,48300
"West Plains, MO Micro Area",39367.0,,216.0,,8738.0,,1032.0,,30629.0,,992.0,,48460
"West Point, MS Micro Area",19499.0,,159.0,,4548.0,,590.0,,14951.0,,597.0,,48500
"Wheeling, WV-OH Metro Area",135451.0,,518.0,,18814.0,,1261.0,,116637.0,,1260.0,,48540
"Whitewater-Elkhorn, WI Micro Area",100071.0,,450.0,,11689.0,,1044.0,,88382.0,,1041.0,,48580
"Wichita, KS Metro Area",631983.0,,680.0,,84316.0,,3277.0,,547667.0,,3422.0,,48620
"Wichita Falls, TX Metro Area",135414.0,,958.0,,23606.0,,1852.0,,111808.0,,1990.0,,48660
"Williamsport, PA Metro Area",108645.0,,527.0,,15403.0,,1377.0,,93242.0,,1460.0,,48700
"Williston, ND Micro Area",33259.0,,218.0,,2283.0,,520.0,,30976.0,,559.0,,48780
"Willmar, MN Micro Area",41865.0,,219.0,,4413.0,,524.0,,37452.0,,603.0,,48820
"Wilmington, NC Metro Area",275085.0,,593.0,,46311.0,,2170.0,,228774.0,,2227.0,,48900
"Wilmington, OH Micro Area",40503.0,,294.0,,5277.0,,641.0,,35226.0,,670.0,,48940
"Wilson, NC Micro Area",79774.0,,279.0,,17141.0,,1396.0,,62633.0,,1430.0,,48980
"Winchester, VA-WV Metro Area",133129.0,,479.0,,13812.0,,1436.0,,119317.0,,1503.0,,49020
"Winnemucca, NV Micro Area",16694.0,,116.0,,1924.0,,337.0,,14770.0,,341.0,,49080
"Winona, MN Micro Area",47133.0,,456.0,,6818.0,,664.0,,40315.0,,698.0,,49100
"Winston-Salem, NC Metro Area",647701.0,,1223.0,,106284.0,,3893.0,,541417.0,,3817.0,,49180
"Wisconsin Rapids-Marshfield, WI Micro Area",72349.0,,180.0,,7488.0,,740.0,,64861.0,,749.0,,49220
"Woodward, OK Micro Area",19906.0,,199.0,,2303.0,,495.0,,17603.0,,511.0,,49260
"Wooster, OH Micro Area",112072.0,,444.0,,13885.0,,1389.0,,98187.0,,1413.0,,49300
"Worcester, MA-CT Metro Area",905658.0,,1264.0,,94436.0,,3142.0,,811222.0,,3556.0,,49340
"Worthington, MN Micro Area",21411.0,,120.0,,3061.0,,563.0,,18350.0,,587.0,,49380
"Yakima, WA Metro Area",245489.0,,459.0,,44600.0,,2508.0,,200889.0,,2458.0,,49420
"Yankton, SD Micro Area",21301.0,,221.0,,2682.0,,554.0,,18619.0,,590.0,,49460
"York-Hanover, PA Metro Area",434564.0,,738.0,,43381.0,,2357.0,,391183.0,,2495.0,,49620
"Youngstown-Warren-Boardman, OH-PA Metro Area",527098.0,,871.0,,88980.0,,2759.0,,438118.0,,2968.0,,49660
"Yuba City, CA Metro Area",168789.0,,475.0,,28479.0,,1916.0,,140310.0,,1878.0,,49700
"Yuma, AZ Metro Area",202390.0,,692.0,,40591.0,,2440.0,,161799.0,,2519.0,,49740
"Zanesville, OH Micro Area",83619.0,,337.0,,13669.0,,1088.0,,69950.0,,1151.0,,49780
"Zapata, TX Micro Area",14192.0,,160.0,,5609.0,,1017.0,,8583.0,,1018.0,,49820
"Aberdeen, SD Micro Area",41450.0,,202.0,,4743.0,,724.0,,36707.0,,736.0,,10100
"Aberdeen, WA Micro Area",68852.0,,420.0,,10980.0,,1026.0,,57872.0,,1046.0,,10140
"Abilene, TX Metro Area",156492.0,,773.0,,24001.0,,1639.0,,132491.0,,1729.0,,10180
"Ada, OK Micro Area",36923.0,,307.0,,5685.0,,532.0,,31238.0,,628.0,,10220
"Adjuntas, PR Micro Area",18125.0,,41.0,,11325.0,,843.0,,6800.0,,841.0,,10260
"Adrian, MI Micro Area",93387.0,,387.0,,11411.0,,805.0,,81976.0,,816.0,,10300
"Aguadilla-Isabela, PR Metro Area",304964.0,,492.0,,159107.0,,3291.0,,145857.0,,3279.0,,10380
"Akron, OH Metro Area",687835.0,,821.0,,89922.0,,3271.0,,597913.0,,3286.0,,10420
"Alamogordo, NM Micro Area",62297.0,,397.0,,13232.0,,1321.0,,49065.0,,1323.0,,10460
"Albany, GA Metro Area",147567.0,,792.0,,37204.0,,2183.0,,110363.0,,2228.0,,10500
"Albany, OR Metro Area",121504.0,,545.0,,17528.0,,1484.0,,103976.0,,1562.0,,10540
"Albany-Schenectady-Troy, NY Metro Area",849542.0,,1063.0,,88320.0,,3345.0,,761222.0,,3647.0,,10580
"Albemarle, NC Micro Area",59171.0,,273.0,,8474.0,,1000.0,,50697.0,,991.0,,10620
"Alexander City, AL Micro Area",40078.0,,161.0,,8131.0,,884.0,,31947.0,,887.0,,10760
"Albert Lea, MN Micro Area",29943.0,,128.0,,3667.0,,528.0,,26276.0,,526.0,,10660
"Albertville, AL Micro Area",93847.0,,294.0,,20354.0,,1364.0,,73493.0,,1396.0,,10700
"Albuquerque, NM Metro Area",898151.0,,770.0,,154815.0,,4899.0,,743336.0,,5045.0,,10740
"Alexandria, LA Metro Area",146728.0,,605.0,,28553.0,,1842.0,,118175.0,,1814.0,,10780
"Alexandria, MN Micro Area",36685.0,,95.0,,3041.0,,413.0,,33644.0,,427.0,,10820
"Alice, TX Micro Area",40678.0,,155.0,,9336.0,,1155.0,,31342.0,,1169.0,,10860
"Allentown-Bethlehem-Easton, PA-NJ Metro Area",810891.0,,1087.0,,86652.0,,3281.0,,724239.0,,3549.0,,10900
"Alma, MI Micro Area",35314.0,,363.0,,6449.0,,654.0,,28865.0,,670.0,,10940
"Alpena, MI Micro Area",28009.0,,171.0,,4033.0,,410.0,,23976.0,,450.0,,10980
"Altoona, PA Metro Area",120881.0,,376.0,,17645.0,,1311.0,,103236.0,,1409.0,,11020
"Altus, OK Micro Area",24526.0,,282.0,,4263.0,,491.0,,20263.0,,592.0,,11060
"Amarillo, TX Metro Area",252899.0,,678.0,,34818.0,,2114.0,,218081.0,,2122.0,,11100
"Americus, GA Micro Area",33487.0,,323.0,,8971.0,,912.0,,24516.0,,919.0,,11140
"Ames, IA Metro Area",86140.0,,560.0,,18527.0,,1116.0,,67613.0,,1137.0,,11180
"Amsterdam, NY Micro Area",48412.0,,218.0,,9649.0,,897.0,,38763.0,,909.0,,11220
"Anchorage, AK Metro Area",390295.0,,681.0,,36974.0,,2387.0,,353321.0,,2465.0,,11260
"Andrews, TX Micro Area",17711.0,,47.0,,1835.0,,668.0,,15876.0,,675.0,,11380
"Angola, IN Micro Area",32821.0,,256.0,,3613.0,,568.0,,29208.0,,577.0,,11420
"Ann Arbor, MI Metro Area",346217.0,,848.0,,49170.0,,2085.0,,297047.0,,2050.0,,11460
"Anniston-Oxford-Jacksonville, AL Metro Area",111981.0,,408.0,,20819.0,,1317.0,,91162.0,,1373.0,,11500
"Appleton, WI Metro Area",230781.0,,355.0,,18371.0,,1236.0,,212410.0,,1321.0,,11540
"Arcadia, FL Micro Area",34529.0,,299.0,,9824.0,,1058.0,,24705.0,,1097.0,,11580
"Ardmore, OK Micro Area",47537.0,,202.0,,8055.0,,736.0,,39482.0,,731.0,,11620
"Arecibo, PR Metro Area",182951.0,,246.0,,88862.0,,2642.0,,94089.0,,2665.0,,11640
"Arkadelphia, AR Micro Area",19658.0,,372.0,,3887.0,,476.0,,15771.0,,547.0,,11660
"Arkansas City-Winfield, KS Micro Area",33388.0,,251.0,,5074.0,,707.0,,28314.0,,720.0,,11680
"Asheville, NC Metro Area",440256.0,,583.0,,54425.0,,2645.0,,385831.0,,2688.0,,11700
"Ashland, OH Micro Area",51000.0,,325.0,,6769.0,,1055.0,,44231.0,,1148.0,,11740
"Ashtabula, OH Micro Area",94804.0,,320.0,,19216.0,,1612.0,,75588.0,,1603.0,,11780
"Astoria, OR Micro Area",37954.0,,128.0,,3977.0,,577.0,,33977.0,,593.0,,11820
"Atchison, KS Micro Area",15022.0,,276.0,,2643.0,,500.0,,12379.0,,525.0,,11860
"Athens, OH Micro Area",56175.0,,478.0,,17212.0,,1063.0,,38963.0,,1056.0,,11900
"Athens, TN Micro Area",51312.0,,324.0,,10077.0,,1123.0,,41235.0,,1130.0,,11940
"Athens, TX Micro Area",78936.0,,275.0,,13782.0,,1335.0,,65154.0,,1367.0,,11980
"Athens-Clarke County, GA Metro Area",193852.0,,739.0,,45024.0,,1745.0,,148828.0,,1654.0,,12020
"Atlanta-Sandy Springs-Roswell, GA Metro Area",5682907.0,,2442.0,,741832.0,,11814.0,,4941075.0,,12039.0,,12060
"Atlantic City-Hammonton, NJ Metro Area",262851.0,,629.0,,37471.0,,2078.0,,225380.0,,2035.0,,12100
"Atmore, AL Micro Area",34383.0,,297.0,,8268.0,,942.0,,26115.0,,942.0,,12120
"Auburn, IN Micro Area",42150.0,,186.0,,4536.0,,684.0,,37614.0,,661.0,,12140
"Auburn, NY Micro Area",73276.0,,399.0,,8563.0,,744.0,,64713.0,,849.0,,12180
"Auburn-Opelika, AL Metro Area",153342.0,,676.0,,32815.0,,1964.0,,120527.0,,2078.0,,12220
"Augusta-Richmond County, GA-SC Metro Area",578058.0,,1035.0,,100412.0,,3922.0,,477646.0,,4039.0,,12260
"Augusta-Waterville, ME Micro Area",117730.0,,458.0,,15626.0,,1271.0,,102104.0,,1341.0,,12300
"Austin, MN Micro Area",38893.0,,154.0,,4987.0,,619.0,,33906.0,,630.0,,12380
"Austin-Round Rock, TX Metro Area",2017378.0,,1704.0,,234467.0,,5928.0,,1782911.0,,6036.0,,12420
"Bainbridge, GA Micro Area",25613.0,,177.0,,6449.0,,796.0,,19164.0,,800.0,,12460
"Bakersfield, CA Metro Area",851826.0,,1229.0,,187232.0,,5341.0,,664594.0,,5394.0,,12540
"Baltimore-Columbia-Towson, MD Metro Area",2724252.0,,1755.0,,283441.0,,6353.0,,2440811.0,,6127.0,,12580
"Bangor, ME Metro Area",145211.0,,790.0,,22744.0,,1352.0,,122467.0,,1459.0,,12620
"Baraboo, WI Micro Area",62601.0,,170.0,,6520.0,,787.0,,56081.0,,824.0,,12660
"Bardstown, KY Micro Area",44907.0,,235.0,,4899.0,,845.0,,40008.0,,806.0,,12680
"Barnstable Town, MA Metro Area",210671.0,,501.0,,14799.0,,1178.0,,195872.0,,1178.0,,12700
"Barre, VT Micro Area",56211.0,,312.0,,6407.0,,719.0,,49804.0,,718.0,,12740
"Bartlesville, OK Micro Area",51029.0,,172.0,,7072.0,,678.0,,43957.0,,726.0,,12780
"Bastrop, LA Micro Area",25157.0,,199.0,,7162.0,,793.0,,17995.0,,787.0,,12820
"Batavia, NY Micro Area",57240.0,,169.0,,6501.0,,681.0,,50739.0,,715.0,,12860
"Batesville, AR Micro Area",36173.0,,185.0,,6254.0,,810.0,,29919.0,,814.0,,12900
"Baton Rouge, LA Metro Area",806764.0,,885.0,,130086.0,,5008.0,,676678.0,,5189.0,,12940
"Battle Creek, MI Metro Area",130682.0,,377.0,,22073.0,,1313.0,,108609.0,,1393.0,,12980
"Bloomington, IL Metro Area",181394.0,,783.0,,25953.0,,1400.0,,155441.0,,1539.0,,14010
"Bloomington, IN Metro Area",150613.0,,789.0,,35002.0,,1404.0,,115611.0,,1425.0,,14020
"Bloomsburg-Berwick, PA Metro Area",79004.0,,563.0,,10757.0,,953.0,,68247.0,,928.0,,14100
"Bluefield, WV-VA Micro Area",99729.0,,366.0,,18270.0,,1556.0,,81459.0,,1472.0,,14140
"Blytheville, AR Micro Area",41917.0,,186.0,,10825.0,,924.0,,31092.0,,961.0,,14180
"Bogalusa, LA Micro Area",44453.0,,242.0,,11893.0,,1250.0,,32560.0,,1290.0,,14220
"Boise City, ID Metro Area",681607.0,,1114.0,,86152.0,,3803.0,,595455.0,,3870.0,,14260
"Bonham, TX Micro Area",31252.0,,420.0,,3897.0,,519.0,,27355.0,,576.0,,14300
"Boone, IA Micro Area",25854.0,,172.0,,2078.0,,420.0,,23776.0,,453.0,,14340
"Boone, NC Micro Area",48369.0,,360.0,,13155.0,,755.0,,35214.0,,796.0,,14380
"Borger, TX Micro Area",21442.0,,57.0,,3264.0,,490.0,,18178.0,,491.0,,14420
"Boston-Cambridge-Newton, MA-NH Metro Area",4655175.0,,1731.0,,456919.0,,8377.0,,4198256.0,,8532.0,,14460
"Boulder, CO Metro Area",309313.0,,650.0,,38546.0,,1850.0,,270767.0,,1785.0,,14500
"Bowling Green, KY Metro Area",163690.0,,610.0,,29283.0,,1817.0,,134407.0,,1772.0,,14540
"Bozeman, MT Micro Area",101101.0,,245.0,,12023.0,,975.0,,89078.0,,993.0,,14580
"Bradford, PA Micro Area",38615.0,,373.0,,6480.0,,681.0,,32135.0,,723.0,,14620
"Brainerd, MN Micro Area",91469.0,,198.0,,10776.0,,595.0,,80693.0,,580.0,,14660
"Branson, MO Micro Area",84145.0,,324.0,,13074.0,,1137.0,,71071.0,,1172.0,,14700
"Breckenridge, CO Micro Area",30311.0,,62.0,,3075.0,,761.0,,27236.0,,753.0,,14720
"Bremerton-Silverdale, WA Metro Area",255003.0,,682.0,,24772.0,,1540.0,,230231.0,,1644.0,,14740
"Brenham, TX Micro Area",32578.0,,869.0,,4523.0,,824.0,,28055.0,,1133.0,,14780
"Brevard, NC Micro Area",32469.0,,276.0,,4776.0,,615.0,,27693.0,,729.0,,14820
"Bridgeport-Stamford-Norwalk, CT Metro Area",926505.0,,961.0,,81751.0,,3335.0,,844754.0,,3377.0,,14860
"Bay City, MI Metro Area",103437.0,,250.0,,16577.0,,1039.0,,86860.0,,1043.0,,13020
"Bay City, TX Micro Area",36261.0,,176.0,,7293.0,,1307.0,,28968.0,,1315.0,,13060
"Beatrice, NE Micro Area",21141.0,,150.0,,2079.0,,356.0,,19062.0,,390.0,,13100
"Beaumont-Port Arthur, TX Metro Area",391208.0,,1347.0,,65158.0,,2699.0,,326050.0,,3050.0,,13140
"Beaver Dam, WI Micro Area",83093.0,,395.0,,7217.0,,719.0,,75876.0,,751.0,,13180
"Beckley, WV Metro Area",115464.0,,454.0,,21329.0,,1366.0,,94135.0,,1398.0,,13220
"Bedford, IN Micro Area",44625.0,,246.0,,5288.0,,713.0,,39337.0,,759.0,,13260
"Beeville, TX Micro Area",24910.0,,335.0,,5403.0,,881.0,,19507.0,,896.0,,13300
"Bellefontaine, OH Micro Area",44738.0,,229.0,,5984.0,,925.0,,38754.0,,887.0,,13340
"Bellingham, WA Metro Area",211566.0,,450.0,,31741.0,,1805.0,,179825.0,,1800.0,,13380
"Bennington, VT Micro Area",34482.0,,186.0,,3892.0,,535.0,,30590.0,,605.0,,13540
"Bemidji, MN Micro Area",43642.0,,263.0,,8054.0,,724.0,,35588.0,,755.0,,13420
"Bend-Redmond, OR Metro Area",179760.0,,235.0,,19503.0,,1828.0,,160257.0,,1867.0,,13460
"Bennettsville, SC Micro Area",24122.0,,382.0,,6264.0,,712.0,,17858.0,,721.0,,13500
"Berlin, NH-VT Micro Area",35796.0,,310.0,,4678.0,,442.0,,31118.0,,482.0,,13620
"Big Rapids, MI Micro Area",40231.0,,307.0,,8582.0,,807.0,,31649.0,,755.0,,13660
"Big Spring, TX Micro Area",33040.0,,510.0,,5437.0,,651.0,,27603.0,,849.0,,13700
"Big Stone Gap, VA Micro Area",54310.0,,378.0,,12557.0,,988.0,,41753.0,,1028.0,,13720
"Billings, MT Metro Area",165127.0,,464.0,,16425.0,,1324.0,,148702.0,,1443.0,,13740
"Binghamton, NY Metro Area",233052.0,,528.0,,36440.0,,1961.0,,196612.0,,1952.0,,13780
"Birmingham-Hoover, AL Metro Area",1122705.0,,979.0,,170174.0,,5144.0,,952531.0,,5103.0,,13820
"Bismarck, ND Metro Area",126539.0,,336.0,,11713.0,,1157.0,,114826.0,,1235.0,,13900
"Blackfoot, ID Micro Area",45140.0,,213.0,,5663.0,,838.0,,39477.0,,864.0,,13940
"Blacksburg-Christiansburg-Radford, VA Metro Area",168434.0,,819.0,,34861.0,,1593.0,,133573.0,,1607.0,,13980
"Cape Girardeau, MO-IL Metro Area",93737.0,,368.0,,16820.0,,1417.0,,76917.0,,1474.0,,16020
"Carbondale-Marion, IL Metro Area",119238.0,,699.0,,24677.0,,1291.0,,94561.0,,1314.0,,16060
"Carlsbad-Artesia, NM Micro Area",56563.0,,246.0,,8663.0,,1083.0,,47900.0,,1117.0,,16100
"Carroll, IA Micro Area",19953.0,,138.0,,1759.0,,214.0,,18194.0,,242.0,,16140
"Carson City, NV Metro Area",52340.0,,337.0,,7148.0,,1090.0,,45192.0,,1133.0,,16180
"Casper, WY Metro Area",78632.0,,361.0,,7568.0,,885.0,,71064.0,,918.0,,16220
"Cedar City, UT Micro Area",49101.0,,155.0,,9645.0,,1288.0,,39456.0,,1304.0,,16260
"Cedar Rapids, IA Metro Area",261096.0,,547.0,,24838.0,,1825.0,,236258.0,,1950.0,,16300
"Cedartown, GA Micro Area",41157.0,,180.0,,7367.0,,794.0,,33790.0,,790.0,,16340
"Celina, OH Micro Area",40268.0,,178.0,,2788.0,,512.0,,37480.0,,519.0,,16380
"Central City, KY Micro Area",30380.0,,136.0,,5280.0,,898.0,,25100.0,,913.0,,16420
"Centralia, IL Micro Area",37027.0,,257.0,,6630.0,,560.0,,30397.0,,620.0,,16460
"Centralia, WA Micro Area",75797.0,,237.0,,10901.0,,985.0,,64896.0,,973.0,,16500
"Chambersburg-Waynesboro, PA Metro Area",151453.0,,316.0,,15640.0,,1257.0,,135813.0,,1298.0,,16540
"Champaign-Urbana, IL Metro Area",223136.0,,721.0,,43429.0,,1837.0,,179707.0,,1804.0,,16580
"Charleston, WV Metro Area",213650.0,,450.0,,39072.0,,2118.0,,174578.0,,2226.0,,16620
"Charleston-Mattoon, IL Micro Area",58833.0,,468.0,,11824.0,,966.0,,47009.0,,948.0,,16660
"Charleston-North Charleston, SC Metro Area",741137.0,,796.0,,100005.0,,4149.0,,641132.0,,4065.0,,16700
"Charlotte-Concord-Gastonia, NC-SC Metro Area",2436602.0,,1373.0,,309454.0,,5709.0,,2127148.0,,5713.0,,16740
"Charlottesville, VA Metro Area",217000.0,,1070.0,,27316.0,,1774.0,,189684.0,,2024.0,,16820
"Chattanooga, TN-GA Metro Area",536885.0,,947.0,,75416.0,,2687.0,,461469.0,,2755.0,,16860
"Cheyenne, WY Metro Area",95483.0,,277.0,,9540.0,,1049.0,,85943.0,,1063.0,,16940
"Chicago-Naperville-Elgin, IL-IN-WI Metro Area",9378669.0,,2788.0,,1168518.0,,13147.0,,8210151.0,,13671.0,,16980
"Buffalo-Cheektowaga-Niagara Falls, NY Metro Area",1101196.0,,1505.0,,157870.0,,3418.0,,943326.0,,3819.0,,15380
"Burley, ID Micro Area",43675.0,,193.0,,7261.0,,949.0,,36414.0,,950.0,,15420
"Burlington, IA-IL Micro Area",45582.0,,205.0,,6525.0,,754.0,,39057.0,,781.0,,15460
"Burlington, NC Metro Area",156158.0,,376.0,,26264.0,,1910.0,,129894.0,,1966.0,,15500
"Burlington-South Burlington, VT Metro Area",207880.0,,548.0,,22184.0,,1401.0,,185696.0,,1425.0,,15540
"Butte-Silver Bow, MT Micro Area",33865.0,,214.0,,6464.0,,741.0,,27401.0,,781.0,,15580
"Cadillac, MI Micro Area",47539.0,,181.0,,7634.0,,662.0,,39905.0,,685.0,,15620
"Calhoun, GA Micro Area",56084.0,,209.0,,11232.0,,1498.0,,44852.0,,1492.0,,15660
"California-Lexington Park, MD Metro Area",108393.0,,413.0,,9026.0,,1348.0,,99367.0,,1369.0,,15680
"Cambridge, MD Micro Area",31807.0,,174.0,,5017.0,,595.0,,26790.0,,618.0,,15700
"Cambridge, OH Micro Area",38696.0,,146.0,,7815.0,,858.0,,30881.0,,858.0,,15740
"Camden, AR Micro Area",28772.0,,149.0,,6510.0,,830.0,,22262.0,,841.0,,15780
"Campbellsville, KY Micro Area",24357.0,,231.0,,5913.0,,860.0,,18444.0,,851.0,,15820
"Ca�on City, CO Micro Area",36230.0,,929.0,,5547.0,,728.0,,30683.0,,1061.0,,15860
"Canton, IL Micro Area",32810.0,,304.0,,5414.0,,582.0,,27396.0,,641.0,,15900
"Canton-Massillon, OH Metro Area",390922.0,,708.0,,53957.0,,2438.0,,336965.0,,2464.0,,15940
"Cape Coral-Fort Myers, FL Metro Area",708633.0,,1154.0,,98969.0,,3961.0,,609664.0,,3845.0,,15980
"Brookhaven, MS Micro Area",33870.0,,145.0,,7458.0,,951.0,,26412.0,,962.0,,15020
"Brookings, OR Micro Area",22303.0,,89.0,,3230.0,,462.0,,19073.0,,474.0,,15060
"Brookings, SD Micro Area",30791.0,,261.0,,4735.0,,529.0,,26056.0,,527.0,,15100
"Brownsville, TN Micro Area",17553.0,,122.0,,3445.0,,617.0,,14108.0,,621.0,,15140
"Brownsville-Harlingen, TX Metro Area",417698.0,,539.0,,127760.0,,4569.0,,289938.0,,4524.0,,15180
"Brownwood, TX Micro Area",35996.0,,357.0,,5217.0,,752.0,,30779.0,,777.0,,15220
"Brunswick, GA Metro Area",114913.0,,319.0,,22322.0,,1885.0,,92591.0,,1851.0,,15260
"Bucyrus, OH Micro Area",41314.0,,198.0,,6182.0,,673.0,,35132.0,,693.0,,15340
"Chico, CA Metro Area",221237.0,,623.0,,44410.0,,2008.0,,176827.0,,2121.0,,17020
"Chillicothe, OH Micro Area",71061.0,,340.0,,12694.0,,1309.0,,58367.0,,1313.0,,17060
"Cincinnati, OH-KY-IN Metro Area",2118388.0,,1705.0,,270070.0,,6771.0,,1848318.0,,7074.0,,17140
"Claremont-Lebanon, NH-VT Micro Area",208412.0,,552.0,,21335.0,,1411.0,,187077.0,,1525.0,,17200
"Clarksburg, WV Micro Area",91088.0,,420.0,,14268.0,,1079.0,,76820.0,,1152.0,,17220
"Clarksdale, MS Micro Area",23214.0,,134.0,,7896.0,,837.0,,15318.0,,815.0,,17260
"Clarksville, TN-KY Metro Area",271844.0,,620.0,,40788.0,,2672.0,,231056.0,,2832.0,,17300
"Clearlake, CA Micro Area",63040.0,,223.0,,13224.0,,1150.0,,49816.0,,1154.0,,17340
"Cleveland, MS Micro Area",31018.0,,241.0,,10723.0,,983.0,,20295.0,,996.0,,17380
"Cleveland, TN Metro Area",117471.0,,465.0,,19424.0,,1778.0,,98047.0,,1800.0,,17420
"Cleveland-Elyria, OH Metro Area",2020148.0,,1271.0,,298473.0,,5070.0,,1721675.0,,5253.0,,17460
"Clewiston, FL Micro Area",39441.0,,191.0,,10584.0,,1436.0,,28857.0,,1442.0,,17500
"Clinton, IA Micro Area",46065.0,,291.0,,5680.0,,631.0,,40385.0,,714.0,,17540
"Clovis, NM Micro Area",49118.0,,233.0,,10119.0,,1116.0,,38999.0,,1159.0,,17580
"Coamo, PR Micro Area",39207.0,,40.0,,18411.0,,1425.0,,20796.0,,1430.0,,17620
"Coco, PR Micro Area",28529.0,,63.0,,15345.0,,1130.0,,13184.0,,1129.0,,17640
"Coeur d'Alene, ID Metro Area",151761.0,,283.0,,18370.0,,1572.0,,133391.0,,1628.0,,17660
"Coffeyville, KS Micro Area",32060.0,,167.0,,5860.0,,704.0,,26200.0,,673.0,,17700
"Coldwater, MI Micro Area",41087.0,,281.0,,6357.0,,592.0,,34730.0,,665.0,,17740
"College Station-Bryan, TX Metro Area",237910.0,,918.0,,55301.0,,2430.0,,182609.0,,2308.0,,17780
"Colorado Springs, CO Metro Area",692479.0,,797.0,,74928.0,,3182.0,,617551.0,,3257.0,,17820
"Columbia, MO Metro Area",167385.0,,626.0,,30607.0,,1870.0,,136778.0,,1884.0,,17860
"Columbia, SC Metro Area",781553.0,,1249.0,,118912.0,,4444.0,,662641.0,,4385.0,,17900
"Columbus, GA-AL Metro Area",295182.0,,936.0,,56791.0,,2522.0,,238391.0,,2672.0,,17980
"Columbus, IN Metro Area",80855.0,,189.0,,10508.0,,1329.0,,70347.0,,1344.0,,18020
"Columbus, MS Micro Area",57660.0,,275.0,,12759.0,,1159.0,,44901.0,,1186.0,,18060
"Columbus, NE Micro Area",32561.0,,164.0,,2688.0,,574.0,,29873.0,,597.0,,18100
"Columbus, OH Metro Area",1998748.0,,1810.0,,273069.0,,6698.0,,1725679.0,,7053.0,,18140
"Concord, NH Micro Area",142703.0,,528.0,,10317.0,,973.0,,132386.0,,1098.0,,18180
"Cordele, GA Micro Area",22355.0,,163.0,,6896.0,,1082.0,,15459.0,,1055.0,,18380
"Connersville, IN Micro Area",22875.0,,128.0,,4221.0,,597.0,,18654.0,,604.0,,18220
"Cookeville, TN Micro Area",106330.0,,404.0,,20238.0,,1526.0,,86092.0,,1622.0,,18260
"Coos Bay, OR Micro Area",62319.0,,207.0,,10671.0,,1034.0,,51648.0,,1080.0,,18300
"Corinth, MS Micro Area",36479.0,,221.0,,6231.0,,883.0,,30248.0,,901.0,,18420
"Cornelia, GA Micro Area",41670.0,,479.0,,6041.0,,833.0,,35629.0,,958.0,,18460
"Corning, NY Micro Area",95216.0,,283.0,,13308.0,,892.0,,81908.0,,893.0,,18500
"Corpus Christi, TX Metro Area",443194.0,,552.0,,73493.0,,3298.0,,369701.0,,3385.0,,18580
"Corsicana, TX Micro Area",47625.0,,201.0,,8655.0,,1070.0,,38970.0,,1085.0,,18620
"Cortland, NY Micro Area",44518.0,,318.0,,6884.0,,595.0,,37634.0,,642.0,,18660
"Corvallis, OR Metro Area",84242.0,,504.0,,16374.0,,1011.0,,67868.0,,1059.0,,18700
"Coshocton, OH Micro Area",36030.0,,144.0,,5899.0,,642.0,,30131.0,,668.0,,18740
"Craig, CO Micro Area",12930.0,,92.0,,1796.0,,407.0,,11134.0,,413.0,,18780
"Crawfordsville, IN Micro Area",36581.0,,272.0,,3693.0,,529.0,,32888.0,,554.0,,18820
"Crescent City, CA Micro Area",24219.0,,341.0,,5458.0,,713.0,,18761.0,,735.0,,18860
"Crestview-Fort Walton Beach-Destin, FL Metro Area",258693.0,,668.0,,31786.0,,2216.0,,226907.0,,2268.0,,18880
"Crossville, TN Micro Area",57663.0,,242.0,,8782.0,,1022.0,,48881.0,,1028.0,,18900
"Cullman, AL Micro Area",81016.0,,248.0,,12831.0,,1294.0,,68185.0,,1350.0,,18980
"Cullowhee, NC Micro Area",38442.0,,296.0,,7439.0,,781.0,,31003.0,,803.0,,19000
"Cumberland, MD-WV Metro Area",90640.0,,405.0,,14403.0,,1090.0,,76237.0,,1108.0,,19060
"Dallas-Fort Worth-Arlington, TX Metro Area",7167023.0,,2306.0,,903397.0,,13980.0,,6263626.0,,14274.0,,19100
"Dalton, GA Metro Area",141531.0,,401.0,,24246.0,,1870.0,,117285.0,,1798.0,,19140
"Danville, IL Metro Area",75190.0,,288.0,,14728.0,,1067.0,,60462.0,,1126.0,,19180
"Danville, KY Micro Area",50603.0,,424.0,,9585.0,,943.0,,41018.0,,953.0,,19220
"Danville, VA Micro Area",100287.0,,354.0,,18174.0,,1508.0,,82113.0,,1539.0,,19260
"Daphne-Fairhope-Foley, AL Metro Area",204929.0,,494.0,,21653.0,,1765.0,,183276.0,,1933.0,,19300
"Davenport-Moline-Rock Island, IA-IL Metro Area",373167.0,,704.0,,48714.0,,2151.0,,324453.0,,2284.0,,19340
"Dayton, OH Metro Area",775040.0,,1128.0,,118683.0,,3916.0,,656357.0,,3966.0,,19380
"Dayton, TN Micro Area",31573.0,,268.0,,6901.0,,883.0,,24672.0,,938.0,,19420
"Decatur, AL Metro Area",149988.0,,420.0,,23428.0,,1670.0,,126560.0,,1714.0,,19460
"Decatur, IL Metro Area",102956.0,,381.0,,16645.0,,1229.0,,86311.0,,1223.0,,19500
"Decatur, IN Micro Area",34374.0,,269.0,,5767.0,,797.0,,28607.0,,826.0,,19540
"Defiance, OH Micro Area",37505.0,,220.0,,4032.0,,496.0,,33473.0,,500.0,,19580
"Del Rio, TX Micro Area",47222.0,,325.0,,9408.0,,1265.0,,37814.0,,1293.0,,19620
"Deltona-Daytona Beach-Ormond Beach, FL Metro Area",623650.0,,1321.0,,91275.0,,3578.0,,532375.0,,3707.0,,19660
"Deming, NM Micro Area",23890.0,,128.0,,7206.0,,899.0,,16684.0,,912.0,,19700
"Denver-Aurora-Lakewood, CO Metro Area",2815468.0,,1465.0,,265989.0,,6229.0,,2549479.0,,6415.0,,19740
"DeRidder, LA Micro Area",36363.0,,114.0,,6244.0,,692.0,,30119.0,,687.0,,19760
"Des Moines-West Des Moines, IA Metro Area",622492.0,,554.0,,62126.0,,3174.0,,560366.0,,3277.0,,19780
"Detroit-Warren-Dearborn, MI Metro Area",4271446.0,,1602.0,,645414.0,,8315.0,,3626032.0,,8548.0,,19820
